-- phpMyAdmin SQL Dump
-- version 4.5.5.1
-- http://www.phpmyadmin.net
--
-- Host: 127.0.0.1
-- Generation Time: Oct 04, 2016 at 09:24 AM
-- Server version: 5.7.11
-- PHP Version: 5.6.19

SET SQL_MODE = "NO_AUTO_VALUE_ON_ZERO";
SET time_zone = "+00:00";


/*!40101 SET @OLD_CHARACTER_SET_CLIENT=@@CHARACTER_SET_CLIENT */;
/*!40101 SET @OLD_CHARACTER_SET_RESULTS=@@CHARACTER_SET_RESULTS */;
/*!40101 SET @OLD_COLLATION_CONNECTION=@@COLLATION_CONNECTION */;
/*!40101 SET NAMES utf8mb4 */;

--
-- Database: `sunsms_new`
--

-- --------------------------------------------------------

--
-- Table structure for table `academic_year`
--

CREATE TABLE `academic_year` (
  `id_academic_year` int(11) NOT NULL,
  `name` varchar(255) DEFAULT NULL,
  `start_date` date DEFAULT NULL,
  `end_date` date DEFAULT NULL,
  `description` text,
  `status` tinyint(4) NOT NULL DEFAULT '1',
  `created` timestamp NOT NULL DEFAULT CURRENT_TIMESTAMP
) ENGINE=InnoDB DEFAULT CHARSET=latin1;

--
-- Dumping data for table `academic_year`
--

INSERT INTO `academic_year` (`id_academic_year`, `name`, `start_date`, `end_date`, `description`, `status`, `created`) VALUES
(1, '2016-2017', '2016-06-01', '2017-04-30', 'This is 2016-2017 academic year', 1, '2016-07-30 14:34:40');

-- --------------------------------------------------------

--
-- Table structure for table `admission_number`
--

CREATE TABLE `admission_number` (
  `id_admission_number` int(9) NOT NULL,
  `admission_number` varchar(55) NOT NULL
) ENGINE=MyISAM DEFAULT CHARSET=latin1;

--
-- Dumping data for table `admission_number`
--

INSERT INTO `admission_number` (`id_admission_number`, `admission_number`) VALUES
(1, '100');

-- --------------------------------------------------------

--
-- Table structure for table `attendance`
--

CREATE TABLE `attendance` (
  `id_attendance` int(11) NOT NULL,
  `academic_year_id` int(11) DEFAULT NULL,
  `staff_id` int(11) NOT NULL DEFAULT '0',
  `board_id` int(11) NOT NULL,
  `course_id` int(11) NOT NULL,
  `section_id` int(11) NOT NULL,
  `created_by` int(11) NOT NULL,
  `created_date_time` timestamp NOT NULL DEFAULT CURRENT_TIMESTAMP
) ENGINE=InnoDB DEFAULT CHARSET=latin1;

--
-- Dumping data for table `attendance`
--

INSERT INTO `attendance` (`id_attendance`, `academic_year_id`, `staff_id`, `board_id`, `course_id`, `section_id`, `created_by`, `created_date_time`) VALUES
(10, 1, 0, 2, 1, 2, 1, '2016-08-07 09:26:44'),
(11, 1, 5, 0, 0, 0, 1, '2016-08-07 09:32:13'),
(12, 1, 4, 0, 0, 0, 1, '2016-08-08 05:50:25'),
(13, 1, 3, 0, 0, 0, 1, '2016-08-08 19:05:32'),
(14, 1, 0, 2, 1, 1, 1, '2016-08-28 06:55:47'),
(15, 1, 6, 0, 0, 0, 1, '2016-09-03 14:51:45'),
(16, 1, 7, 0, 0, 0, 1, '2016-09-03 14:51:45');

-- --------------------------------------------------------

--
-- Table structure for table `attendance_data`
--

CREATE TABLE `attendance_data` (
  `id_attendance_data` int(11) NOT NULL,
  `attendance_id` int(11) DEFAULT NULL,
  `student_id` int(11) DEFAULT NULL,
  `date` date DEFAULT NULL,
  `attendance` float DEFAULT NULL,
  `created_date_time` timestamp NOT NULL DEFAULT CURRENT_TIMESTAMP
) ENGINE=InnoDB DEFAULT CHARSET=latin1;

--
-- Dumping data for table `attendance_data`
--

INSERT INTO `attendance_data` (`id_attendance_data`, `attendance_id`, `student_id`, `date`, `attendance`, `created_date_time`) VALUES
(371, 10, 2, '2016-08-01', 2, '2016-08-07 09:26:44'),
(372, 10, 2, '2016-08-02', 2, '2016-08-07 09:26:44'),
(373, 10, 2, '2016-08-03', 0, '2016-08-07 09:26:44'),
(374, 10, 2, '2016-08-04', 1, '2016-08-07 09:26:44'),
(375, 10, 2, '2016-08-05', 1, '2016-08-07 09:26:44'),
(376, 10, 2, '2016-08-06', 1, '2016-08-07 09:26:44'),
(377, 10, 2, '2016-08-07', -1, '2016-08-07 09:26:44'),
(378, 10, 2, '2016-08-08', 1, '2016-08-07 09:26:44'),
(379, 10, 2, '2016-08-09', 1, '2016-08-07 09:26:44'),
(380, 10, 2, '2016-08-10', 1, '2016-08-07 09:26:44'),
(381, 10, 2, '2016-08-11', 1, '2016-08-07 09:26:44'),
(382, 10, 2, '2016-08-12', 1, '2016-08-07 09:26:44'),
(383, 10, 2, '2016-08-13', 1, '2016-08-07 09:26:44'),
(384, 10, 2, '2016-08-14', -1, '2016-08-07 09:26:44'),
(385, 10, 2, '2016-08-15', 1, '2016-08-07 09:26:45'),
(386, 10, 2, '2016-08-16', 1, '2016-08-07 09:26:45'),
(387, 10, 2, '2016-08-17', 1, '2016-08-07 09:26:45'),
(388, 10, 2, '2016-08-18', 1, '2016-08-07 09:26:45'),
(389, 10, 2, '2016-08-19', 1, '2016-08-07 09:26:45'),
(390, 10, 2, '2016-08-20', 1, '2016-08-07 09:26:45'),
(391, 10, 2, '2016-08-21', -1, '2016-08-07 09:26:45'),
(392, 10, 2, '2016-08-22', 1, '2016-08-07 09:26:45'),
(393, 10, 2, '2016-08-23', 1, '2016-08-07 09:26:45'),
(394, 10, 2, '2016-08-24', 1, '2016-08-07 09:26:45'),
(395, 10, 2, '2016-08-25', 1, '2016-08-07 09:26:45'),
(396, 10, 2, '2016-08-26', 1, '2016-08-07 09:26:45'),
(397, 10, 2, '2016-08-27', 1, '2016-08-07 09:26:45'),
(398, 10, 2, '2016-08-28', -1, '2016-08-07 09:26:45'),
(399, 10, 2, '2016-08-29', 1, '2016-08-07 09:26:45'),
(400, 10, 2, '2016-08-30', 1, '2016-08-07 09:26:45'),
(401, 10, 2, '2016-08-31', 1, '2016-08-07 09:26:45'),
(402, 11, 5, '2016-08-01', 2, '2016-08-07 09:32:13'),
(403, 11, 5, '2016-08-02', 2, '2016-08-07 09:32:13'),
(404, 11, 5, '2016-08-03', 2, '2016-08-07 09:32:13'),
(405, 11, 5, '2016-08-04', 1, '2016-08-07 09:32:13'),
(406, 11, 5, '2016-08-05', 0, '2016-08-07 09:32:13'),
(407, 11, 5, '2016-08-06', 1, '2016-08-07 09:32:13'),
(408, 11, 5, '2016-08-07', -1, '2016-08-07 09:32:13'),
(409, 11, 5, '2016-08-08', 1, '2016-08-07 09:32:13'),
(410, 11, 5, '2016-08-09', 1, '2016-08-07 09:32:13'),
(411, 11, 5, '2016-08-10', 1, '2016-08-07 09:32:13'),
(412, 11, 5, '2016-08-11', 1, '2016-08-07 09:32:13'),
(413, 11, 5, '2016-08-12', 1, '2016-08-07 09:32:13'),
(414, 11, 5, '2016-08-13', 1, '2016-08-07 09:32:13'),
(415, 11, 5, '2016-08-14', -1, '2016-08-07 09:32:13'),
(416, 11, 5, '2016-08-15', 1, '2016-08-07 09:32:13'),
(417, 11, 5, '2016-08-16', 1, '2016-08-07 09:32:13'),
(418, 11, 5, '2016-08-17', 1, '2016-08-07 09:32:13'),
(419, 11, 5, '2016-08-18', 1, '2016-08-07 09:32:13'),
(420, 11, 5, '2016-08-19', 1, '2016-08-07 09:32:13'),
(421, 11, 5, '2016-08-20', 1, '2016-08-07 09:32:14'),
(422, 11, 5, '2016-08-21', -1, '2016-08-07 09:32:14'),
(423, 11, 5, '2016-08-22', 1, '2016-08-07 09:32:14'),
(424, 11, 5, '2016-08-23', 1, '2016-08-07 09:32:14'),
(425, 11, 5, '2016-08-24', 1, '2016-08-07 09:32:14'),
(426, 11, 5, '2016-08-25', 1, '2016-08-07 09:32:14'),
(427, 11, 5, '2016-08-26', 1, '2016-08-07 09:32:14'),
(428, 11, 5, '2016-08-27', 1, '2016-08-07 09:32:14'),
(429, 11, 5, '2016-08-28', -1, '2016-08-07 09:32:14'),
(430, 11, 5, '2016-08-29', 1, '2016-08-07 09:32:14'),
(431, 11, 5, '2016-08-30', 1, '2016-08-07 09:32:14'),
(432, 11, 5, '2016-08-31', 1, '2016-08-07 09:32:14'),
(433, 12, 4, '2016-08-01', 1, '2016-08-08 05:50:25'),
(434, 12, 4, '2016-08-02', 1, '2016-08-08 05:50:25'),
(435, 12, 4, '2016-08-03', 1, '2016-08-08 05:50:25'),
(436, 12, 4, '2016-08-04', 1, '2016-08-08 05:50:25'),
(437, 12, 4, '2016-08-05', -1, '2016-08-08 05:50:25'),
(438, 12, 4, '2016-08-06', -1, '2016-08-08 05:50:25'),
(439, 12, 4, '2016-08-07', -1, '2016-08-08 05:50:25'),
(440, 12, 4, '2016-08-08', 1, '2016-08-08 05:50:25'),
(441, 12, 4, '2016-08-09', 1, '2016-08-08 05:50:25'),
(442, 12, 4, '2016-08-10', 1, '2016-08-08 05:50:25'),
(443, 12, 4, '2016-08-11', 1, '2016-08-08 05:50:26'),
(444, 12, 4, '2016-08-12', -1, '2016-08-08 05:50:26'),
(445, 12, 4, '2016-08-13', -1, '2016-08-08 05:50:26'),
(446, 12, 4, '2016-08-14', -1, '2016-08-08 05:50:26'),
(447, 12, 4, '2016-08-15', 1, '2016-08-08 05:50:26'),
(448, 12, 4, '2016-08-16', 1, '2016-08-08 05:50:26'),
(449, 12, 4, '2016-08-17', 1, '2016-08-08 05:50:26'),
(450, 12, 4, '2016-08-18', 1, '2016-08-08 05:50:26'),
(451, 12, 4, '2016-08-19', -1, '2016-08-08 05:50:26'),
(452, 12, 4, '2016-08-20', -1, '2016-08-08 05:50:26'),
(453, 12, 4, '2016-08-21', -1, '2016-08-08 05:50:26'),
(454, 12, 4, '2016-08-22', 1, '2016-08-08 05:50:26'),
(455, 12, 4, '2016-08-23', 1, '2016-08-08 05:50:26'),
(456, 12, 4, '2016-08-24', 1, '2016-08-08 05:50:26'),
(457, 12, 4, '2016-08-25', 1, '2016-08-08 05:50:26'),
(458, 12, 4, '2016-08-26', -1, '2016-08-08 05:50:26'),
(459, 12, 4, '2016-08-27', -1, '2016-08-08 05:50:26'),
(460, 12, 4, '2016-08-28', -1, '2016-08-08 05:50:26'),
(461, 12, 4, '2016-08-29', 1, '2016-08-08 05:50:26'),
(462, 12, 4, '2016-08-30', 1, '2016-08-08 05:50:26'),
(463, 12, 4, '2016-08-31', 1, '2016-08-08 05:50:26'),
(464, 13, 3, '2016-08-01', 2, '2016-08-08 19:05:32'),
(465, 13, 3, '2016-08-02', 1, '2016-08-08 19:05:32'),
(466, 13, 3, '2016-08-03', 1, '2016-08-08 19:05:32'),
(467, 13, 3, '2016-08-04', 1, '2016-08-08 19:05:32'),
(468, 13, 3, '2016-08-05', -1, '2016-08-08 19:05:32'),
(469, 13, 3, '2016-08-06', -1, '2016-08-08 19:05:32'),
(470, 13, 3, '2016-08-07', -1, '2016-08-08 19:05:32'),
(471, 13, 3, '2016-08-08', 1, '2016-08-08 19:05:32'),
(472, 13, 3, '2016-08-09', 1, '2016-08-08 19:05:32'),
(473, 13, 3, '2016-08-10', 1, '2016-08-08 19:05:32'),
(474, 13, 3, '2016-08-11', 1, '2016-08-08 19:05:32'),
(475, 13, 3, '2016-08-12', -1, '2016-08-08 19:05:32'),
(476, 13, 3, '2016-08-13', -1, '2016-08-08 19:05:32'),
(477, 13, 3, '2016-08-14', -1, '2016-08-08 19:05:32'),
(478, 13, 3, '2016-08-15', 1, '2016-08-08 19:05:32'),
(479, 13, 3, '2016-08-16', 1, '2016-08-08 19:05:32'),
(480, 13, 3, '2016-08-17', 1, '2016-08-08 19:05:32'),
(481, 13, 3, '2016-08-18', 1, '2016-08-08 19:05:32'),
(482, 13, 3, '2016-08-19', -1, '2016-08-08 19:05:32'),
(483, 13, 3, '2016-08-20', -1, '2016-08-08 19:05:32'),
(484, 13, 3, '2016-08-21', -1, '2016-08-08 19:05:32'),
(485, 13, 3, '2016-08-22', 1, '2016-08-08 19:05:32'),
(486, 13, 3, '2016-08-23', 1, '2016-08-08 19:05:32'),
(487, 13, 3, '2016-08-24', 1, '2016-08-08 19:05:32'),
(488, 13, 3, '2016-08-25', 1, '2016-08-08 19:05:32'),
(489, 13, 3, '2016-08-26', -1, '2016-08-08 19:05:32'),
(490, 13, 3, '2016-08-27', -1, '2016-08-08 19:05:32'),
(491, 13, 3, '2016-08-28', -1, '2016-08-08 19:05:32'),
(492, 13, 3, '2016-08-29', 1, '2016-08-08 19:05:32'),
(493, 13, 3, '2016-08-30', 1, '2016-08-08 19:05:32'),
(494, 13, 3, '2016-08-31', 1, '2016-08-08 19:05:32'),
(495, 13, 3, '2016-09-01', 2, '2016-08-08 19:05:46'),
(496, 13, 3, '2016-09-02', -1, '2016-08-08 19:05:46'),
(497, 13, 3, '2016-09-03', -1, '2016-08-08 19:05:46'),
(498, 13, 3, '2016-09-04', -1, '2016-08-08 19:05:46'),
(499, 13, 3, '2016-09-05', -1, '2016-08-08 19:05:46'),
(500, 13, 3, '2016-09-06', -1, '2016-08-08 19:05:46'),
(501, 13, 3, '2016-09-07', -1, '2016-08-08 19:05:46'),
(502, 13, 3, '2016-09-08', -1, '2016-08-08 19:05:46'),
(503, 13, 3, '2016-09-09', -1, '2016-08-08 19:05:46'),
(504, 13, 3, '2016-09-10', -1, '2016-08-08 19:05:46'),
(505, 13, 3, '2016-09-11', -1, '2016-08-08 19:05:46'),
(506, 13, 3, '2016-09-12', -1, '2016-08-08 19:05:46'),
(507, 13, 3, '2016-09-13', -1, '2016-08-08 19:05:46'),
(508, 13, 3, '2016-09-14', -1, '2016-08-08 19:05:46'),
(509, 13, 3, '2016-09-15', -1, '2016-08-08 19:05:47'),
(510, 13, 3, '2016-09-16', -1, '2016-08-08 19:05:47'),
(511, 13, 3, '2016-09-17', -1, '2016-08-08 19:05:47'),
(512, 13, 3, '2016-09-18', -1, '2016-08-08 19:05:47'),
(513, 13, 3, '2016-09-19', -1, '2016-08-08 19:05:47'),
(514, 13, 3, '2016-09-20', -1, '2016-08-08 19:05:47'),
(515, 13, 3, '2016-09-21', -1, '2016-08-08 19:05:47'),
(516, 13, 3, '2016-09-22', -1, '2016-08-08 19:05:47'),
(517, 13, 3, '2016-09-23', -1, '2016-08-08 19:05:47'),
(518, 13, 3, '2016-09-24', -1, '2016-08-08 19:05:47'),
(519, 13, 3, '2016-09-25', -1, '2016-08-08 19:05:47'),
(520, 13, 3, '2016-09-26', -1, '2016-08-08 19:05:47'),
(521, 13, 3, '2016-09-27', -1, '2016-08-08 19:05:47'),
(522, 13, 3, '2016-09-28', -1, '2016-08-08 19:05:47'),
(523, 13, 3, '2016-09-29', -1, '2016-08-08 19:05:47'),
(524, 13, 3, '2016-09-30', -1, '2016-08-08 19:05:47'),
(525, 10, 2, '2016-01-01', -1, '2016-08-08 19:06:13'),
(526, 10, 2, '2016-01-02', -1, '2016-08-08 19:06:13'),
(527, 10, 2, '2016-01-03', -1, '2016-08-08 19:06:13'),
(528, 10, 2, '2016-01-04', 2, '2016-08-08 19:06:13'),
(529, 10, 2, '2016-01-05', 1, '2016-08-08 19:06:13'),
(530, 10, 2, '2016-01-06', 1, '2016-08-08 19:06:13'),
(531, 10, 2, '2016-01-07', 1, '2016-08-08 19:06:13'),
(532, 10, 2, '2016-01-08', -1, '2016-08-08 19:06:13'),
(533, 10, 2, '2016-01-09', -1, '2016-08-08 19:06:13'),
(534, 10, 2, '2016-01-10', -1, '2016-08-08 19:06:13'),
(535, 10, 2, '2016-01-11', 1, '2016-08-08 19:06:13'),
(536, 10, 2, '2016-01-12', 1, '2016-08-08 19:06:13'),
(537, 10, 2, '2016-01-13', 1, '2016-08-08 19:06:13'),
(538, 10, 2, '2016-01-14', 1, '2016-08-08 19:06:13'),
(539, 10, 2, '2016-01-15', -1, '2016-08-08 19:06:13'),
(540, 10, 2, '2016-01-16', -1, '2016-08-08 19:06:13'),
(541, 10, 2, '2016-01-17', -1, '2016-08-08 19:06:13'),
(542, 10, 2, '2016-01-18', 1, '2016-08-08 19:06:13'),
(543, 10, 2, '2016-01-19', 1, '2016-08-08 19:06:13'),
(544, 10, 2, '2016-01-20', 1, '2016-08-08 19:06:13'),
(545, 10, 2, '2016-01-21', 1, '2016-08-08 19:06:13'),
(546, 10, 2, '2016-01-22', -1, '2016-08-08 19:06:13'),
(547, 10, 2, '2016-01-23', -1, '2016-08-08 19:06:13'),
(548, 10, 2, '2016-01-24', -1, '2016-08-08 19:06:13'),
(549, 10, 2, '2016-01-25', 1, '2016-08-08 19:06:13'),
(550, 10, 2, '2016-01-26', 1, '2016-08-08 19:06:13'),
(551, 10, 2, '2016-01-27', 1, '2016-08-08 19:06:13'),
(552, 10, 2, '2016-01-28', 1, '2016-08-08 19:06:13'),
(553, 10, 2, '2016-01-29', -1, '2016-08-08 19:06:13'),
(554, 10, 2, '2016-01-30', -1, '2016-08-08 19:06:13'),
(555, 10, 2, '2016-01-31', -1, '2016-08-08 19:06:13'),
(556, 10, 2, '2016-02-01', 1, '2016-08-08 19:06:23'),
(557, 10, 2, '2016-02-02', 1, '2016-08-08 19:06:23'),
(558, 10, 2, '2016-02-03', 2, '2016-08-08 19:06:23'),
(559, 10, 2, '2016-02-04', 1, '2016-08-08 19:06:23'),
(560, 10, 2, '2016-02-05', -1, '2016-08-08 19:06:23'),
(561, 10, 2, '2016-02-06', -1, '2016-08-08 19:06:23'),
(562, 10, 2, '2016-02-07', -1, '2016-08-08 19:06:23'),
(563, 10, 2, '2016-02-08', 1, '2016-08-08 19:06:23'),
(564, 10, 2, '2016-02-09', 1, '2016-08-08 19:06:23'),
(565, 10, 2, '2016-02-10', 1, '2016-08-08 19:06:23'),
(566, 10, 2, '2016-02-11', 1, '2016-08-08 19:06:24'),
(567, 10, 2, '2016-02-12', -1, '2016-08-08 19:06:24'),
(568, 10, 2, '2016-02-13', -1, '2016-08-08 19:06:24'),
(569, 10, 2, '2016-02-14', -1, '2016-08-08 19:06:24'),
(570, 10, 2, '2016-02-15', 1, '2016-08-08 19:06:24'),
(571, 10, 2, '2016-02-16', 1, '2016-08-08 19:06:24'),
(572, 10, 2, '2016-02-17', 1, '2016-08-08 19:06:24'),
(573, 10, 2, '2016-02-18', 1, '2016-08-08 19:06:24'),
(574, 10, 2, '2016-02-19', -1, '2016-08-08 19:06:24'),
(575, 10, 2, '2016-02-20', -1, '2016-08-08 19:06:24'),
(576, 10, 2, '2016-02-21', -1, '2016-08-08 19:06:24'),
(577, 10, 2, '2016-02-22', 1, '2016-08-08 19:06:24'),
(578, 10, 2, '2016-02-23', 1, '2016-08-08 19:06:24'),
(579, 10, 2, '2016-02-24', 1, '2016-08-08 19:06:24'),
(580, 10, 2, '2016-02-25', 1, '2016-08-08 19:06:24'),
(581, 10, 2, '2016-02-26', -1, '2016-08-08 19:06:24'),
(582, 10, 2, '2016-02-27', -1, '2016-08-08 19:06:24'),
(583, 10, 2, '2016-02-28', -1, '2016-08-08 19:06:24'),
(584, 10, 2, '2016-02-29', 1, '2016-08-08 19:06:24'),
(585, 13, 3, '2016-02-01', 0, '2016-08-28 06:47:02'),
(586, 13, 3, '2016-02-02', 0, '2016-08-28 06:47:02'),
(587, 13, 3, '2016-02-03', 0, '2016-08-28 06:47:02'),
(588, 13, 3, '2016-02-04', 0, '2016-08-28 06:47:02'),
(589, 13, 3, '2016-02-05', -1, '2016-08-28 06:47:02'),
(590, 13, 3, '2016-02-06', -1, '2016-08-28 06:47:02'),
(591, 13, 3, '2016-02-07', -1, '2016-08-28 06:47:02'),
(592, 13, 3, '2016-02-08', 0, '2016-08-28 06:47:02'),
(593, 13, 3, '2016-02-09', 0, '2016-08-28 06:47:02'),
(594, 13, 3, '2016-02-10', 0, '2016-08-28 06:47:02'),
(595, 13, 3, '2016-02-11', 0, '2016-08-28 06:47:02'),
(596, 13, 3, '2016-02-12', -1, '2016-08-28 06:47:02'),
(597, 13, 3, '2016-02-13', -1, '2016-08-28 06:47:02'),
(598, 13, 3, '2016-02-14', -1, '2016-08-28 06:47:02'),
(599, 13, 3, '2016-02-15', 0, '2016-08-28 06:47:02'),
(600, 13, 3, '2016-02-16', 0, '2016-08-28 06:47:02'),
(601, 13, 3, '2016-02-17', 0, '2016-08-28 06:47:02'),
(602, 13, 3, '2016-02-18', 0, '2016-08-28 06:47:02'),
(603, 13, 3, '2016-02-19', -1, '2016-08-28 06:47:02'),
(604, 13, 3, '2016-02-20', -1, '2016-08-28 06:47:02'),
(605, 13, 3, '2016-02-21', -1, '2016-08-28 06:47:02'),
(606, 13, 3, '2016-02-22', 0, '2016-08-28 06:47:02'),
(607, 13, 3, '2016-02-23', 0, '2016-08-28 06:47:02'),
(608, 13, 3, '2016-02-24', 0, '2016-08-28 06:47:02'),
(609, 13, 3, '2016-02-25', 0, '2016-08-28 06:47:02'),
(610, 13, 3, '2016-02-26', -1, '2016-08-28 06:47:02'),
(611, 13, 3, '2016-02-27', -1, '2016-08-28 06:47:02'),
(612, 13, 3, '2016-02-28', -1, '2016-08-28 06:47:02'),
(613, 13, 3, '2016-02-29', 0, '2016-08-28 06:47:02'),
(614, 12, 4, '2016-09-01', 0, '2016-09-03 14:51:44'),
(615, 12, 4, '2016-09-02', -1, '2016-09-03 14:51:44'),
(616, 12, 4, '2016-09-03', -1, '2016-09-03 14:51:44'),
(617, 12, 4, '2016-09-04', -1, '2016-09-03 14:51:44'),
(618, 12, 4, '2016-09-05', -1, '2016-09-03 14:51:45'),
(619, 12, 4, '2016-09-06', -1, '2016-09-03 14:51:45'),
(620, 12, 4, '2016-09-07', -1, '2016-09-03 14:51:45'),
(621, 12, 4, '2016-09-08', -1, '2016-09-03 14:51:45'),
(622, 12, 4, '2016-09-09', -1, '2016-09-03 14:51:45'),
(623, 12, 4, '2016-09-10', -1, '2016-09-03 14:51:45'),
(624, 12, 4, '2016-09-11', -1, '2016-09-03 14:51:45'),
(625, 12, 4, '2016-09-12', -1, '2016-09-03 14:51:45'),
(626, 12, 4, '2016-09-13', -1, '2016-09-03 14:51:45'),
(627, 12, 4, '2016-09-14', -1, '2016-09-03 14:51:45'),
(628, 12, 4, '2016-09-15', -1, '2016-09-03 14:51:45'),
(629, 12, 4, '2016-09-16', -1, '2016-09-03 14:51:45'),
(630, 12, 4, '2016-09-17', -1, '2016-09-03 14:51:45'),
(631, 12, 4, '2016-09-18', -1, '2016-09-03 14:51:45'),
(632, 12, 4, '2016-09-19', -1, '2016-09-03 14:51:45'),
(633, 12, 4, '2016-09-20', -1, '2016-09-03 14:51:45'),
(634, 12, 4, '2016-09-21', -1, '2016-09-03 14:51:45'),
(635, 12, 4, '2016-09-22', -1, '2016-09-03 14:51:45'),
(636, 12, 4, '2016-09-23', -1, '2016-09-03 14:51:45'),
(637, 12, 4, '2016-09-24', -1, '2016-09-03 14:51:45'),
(638, 12, 4, '2016-09-25', -1, '2016-09-03 14:51:45'),
(639, 12, 4, '2016-09-26', -1, '2016-09-03 14:51:45'),
(640, 12, 4, '2016-09-27', -1, '2016-09-03 14:51:45'),
(641, 12, 4, '2016-09-28', -1, '2016-09-03 14:51:45'),
(642, 12, 4, '2016-09-29', -1, '2016-09-03 14:51:45'),
(643, 12, 4, '2016-09-30', -1, '2016-09-03 14:51:45'),
(644, 11, 5, '2016-09-01', 0, '2016-09-03 14:51:45'),
(645, 11, 5, '2016-09-02', -1, '2016-09-03 14:51:45'),
(646, 11, 5, '2016-09-03', -1, '2016-09-03 14:51:45'),
(647, 11, 5, '2016-09-04', -1, '2016-09-03 14:51:45'),
(648, 11, 5, '2016-09-05', -1, '2016-09-03 14:51:45'),
(649, 11, 5, '2016-09-06', -1, '2016-09-03 14:51:45'),
(650, 11, 5, '2016-09-07', -1, '2016-09-03 14:51:45'),
(651, 11, 5, '2016-09-08', -1, '2016-09-03 14:51:45'),
(652, 11, 5, '2016-09-09', -1, '2016-09-03 14:51:45'),
(653, 11, 5, '2016-09-10', -1, '2016-09-03 14:51:45'),
(654, 11, 5, '2016-09-11', -1, '2016-09-03 14:51:45'),
(655, 11, 5, '2016-09-12', -1, '2016-09-03 14:51:45'),
(656, 11, 5, '2016-09-13', -1, '2016-09-03 14:51:45'),
(657, 11, 5, '2016-09-14', -1, '2016-09-03 14:51:45'),
(658, 11, 5, '2016-09-15', -1, '2016-09-03 14:51:45'),
(659, 11, 5, '2016-09-16', -1, '2016-09-03 14:51:45'),
(660, 11, 5, '2016-09-17', -1, '2016-09-03 14:51:45'),
(661, 11, 5, '2016-09-18', -1, '2016-09-03 14:51:45'),
(662, 11, 5, '2016-09-19', -1, '2016-09-03 14:51:45'),
(663, 11, 5, '2016-09-20', -1, '2016-09-03 14:51:45'),
(664, 11, 5, '2016-09-21', -1, '2016-09-03 14:51:45'),
(665, 11, 5, '2016-09-22', -1, '2016-09-03 14:51:45'),
(666, 11, 5, '2016-09-23', -1, '2016-09-03 14:51:45'),
(667, 11, 5, '2016-09-24', -1, '2016-09-03 14:51:45'),
(668, 11, 5, '2016-09-25', -1, '2016-09-03 14:51:45'),
(669, 11, 5, '2016-09-26', -1, '2016-09-03 14:51:45'),
(670, 11, 5, '2016-09-27', -1, '2016-09-03 14:51:45'),
(671, 11, 5, '2016-09-28', -1, '2016-09-03 14:51:45'),
(672, 11, 5, '2016-09-29', -1, '2016-09-03 14:51:45'),
(673, 11, 5, '2016-09-30', -1, '2016-09-03 14:51:45'),
(674, 15, 6, '2016-09-01', 0, '2016-09-03 14:51:45'),
(675, 15, 6, '2016-09-02', -1, '2016-09-03 14:51:45'),
(676, 15, 6, '2016-09-03', -1, '2016-09-03 14:51:45'),
(677, 15, 6, '2016-09-04', -1, '2016-09-03 14:51:45'),
(678, 15, 6, '2016-09-05', -1, '2016-09-03 14:51:45'),
(679, 15, 6, '2016-09-06', -1, '2016-09-03 14:51:45'),
(680, 15, 6, '2016-09-07', -1, '2016-09-03 14:51:45'),
(681, 15, 6, '2016-09-08', -1, '2016-09-03 14:51:45'),
(682, 15, 6, '2016-09-09', -1, '2016-09-03 14:51:45'),
(683, 15, 6, '2016-09-10', -1, '2016-09-03 14:51:45'),
(684, 15, 6, '2016-09-11', -1, '2016-09-03 14:51:45'),
(685, 15, 6, '2016-09-12', -1, '2016-09-03 14:51:45'),
(686, 15, 6, '2016-09-13', -1, '2016-09-03 14:51:45'),
(687, 15, 6, '2016-09-14', -1, '2016-09-03 14:51:45'),
(688, 15, 6, '2016-09-15', -1, '2016-09-03 14:51:45'),
(689, 15, 6, '2016-09-16', -1, '2016-09-03 14:51:45'),
(690, 15, 6, '2016-09-17', -1, '2016-09-03 14:51:45'),
(691, 15, 6, '2016-09-18', -1, '2016-09-03 14:51:45'),
(692, 15, 6, '2016-09-19', -1, '2016-09-03 14:51:45'),
(693, 15, 6, '2016-09-20', -1, '2016-09-03 14:51:45'),
(694, 15, 6, '2016-09-21', -1, '2016-09-03 14:51:45'),
(695, 15, 6, '2016-09-22', -1, '2016-09-03 14:51:45'),
(696, 15, 6, '2016-09-23', -1, '2016-09-03 14:51:45'),
(697, 15, 6, '2016-09-24', -1, '2016-09-03 14:51:45'),
(698, 15, 6, '2016-09-25', -1, '2016-09-03 14:51:45'),
(699, 15, 6, '2016-09-26', -1, '2016-09-03 14:51:45'),
(700, 15, 6, '2016-09-27', -1, '2016-09-03 14:51:45'),
(701, 15, 6, '2016-09-28', -1, '2016-09-03 14:51:45'),
(702, 15, 6, '2016-09-29', -1, '2016-09-03 14:51:45'),
(703, 15, 6, '2016-09-30', -1, '2016-09-03 14:51:45'),
(704, 16, 7, '2016-09-01', 1, '2016-09-03 14:51:45'),
(705, 16, 7, '2016-09-02', -1, '2016-09-03 14:51:45'),
(706, 16, 7, '2016-09-03', -1, '2016-09-03 14:51:45'),
(707, 16, 7, '2016-09-04', -1, '2016-09-03 14:51:45'),
(708, 16, 7, '2016-09-05', -1, '2016-09-03 14:51:45'),
(709, 16, 7, '2016-09-06', -1, '2016-09-03 14:51:45'),
(710, 16, 7, '2016-09-07', -1, '2016-09-03 14:51:45'),
(711, 16, 7, '2016-09-08', -1, '2016-09-03 14:51:45'),
(712, 16, 7, '2016-09-09', -1, '2016-09-03 14:51:45'),
(713, 16, 7, '2016-09-10', -1, '2016-09-03 14:51:45'),
(714, 16, 7, '2016-09-11', -1, '2016-09-03 14:51:45'),
(715, 16, 7, '2016-09-12', -1, '2016-09-03 14:51:45'),
(716, 16, 7, '2016-09-13', -1, '2016-09-03 14:51:45'),
(717, 16, 7, '2016-09-14', -1, '2016-09-03 14:51:46'),
(718, 16, 7, '2016-09-15', -1, '2016-09-03 14:51:46'),
(719, 16, 7, '2016-09-16', -1, '2016-09-03 14:51:46'),
(720, 16, 7, '2016-09-17', -1, '2016-09-03 14:51:46'),
(721, 16, 7, '2016-09-18', -1, '2016-09-03 14:51:46'),
(722, 16, 7, '2016-09-19', -1, '2016-09-03 14:51:46'),
(723, 16, 7, '2016-09-20', -1, '2016-09-03 14:51:46'),
(724, 16, 7, '2016-09-21', -1, '2016-09-03 14:51:46'),
(725, 16, 7, '2016-09-22', -1, '2016-09-03 14:51:46'),
(726, 16, 7, '2016-09-23', -1, '2016-09-03 14:51:46'),
(727, 16, 7, '2016-09-24', -1, '2016-09-03 14:51:46'),
(728, 16, 7, '2016-09-25', -1, '2016-09-03 14:51:46'),
(729, 16, 7, '2016-09-26', -1, '2016-09-03 14:51:46'),
(730, 16, 7, '2016-09-27', -1, '2016-09-03 14:51:46'),
(731, 16, 7, '2016-09-28', -1, '2016-09-03 14:51:46'),
(732, 16, 7, '2016-09-29', -1, '2016-09-03 14:51:46'),
(733, 16, 7, '2016-09-30', -1, '2016-09-03 14:51:46'),
(734, 10, 2, '2016-09-01', 1, '2016-09-05 09:17:02'),
(735, 10, 2, '2016-09-02', -1, '2016-09-05 09:17:02'),
(736, 10, 2, '2016-09-03', -1, '2016-09-05 09:17:02'),
(737, 10, 2, '2016-09-04', -1, '2016-09-05 09:17:02'),
(738, 10, 2, '2016-09-05', 2, '2016-09-05 09:17:02'),
(739, 10, 2, '2016-09-06', -1, '2016-09-05 09:17:02'),
(740, 10, 2, '2016-09-07', -1, '2016-09-05 09:17:02'),
(741, 10, 2, '2016-09-08', -1, '2016-09-05 09:17:02'),
(742, 10, 2, '2016-09-09', -1, '2016-09-05 09:17:02'),
(743, 10, 2, '2016-09-10', -1, '2016-09-05 09:17:02'),
(744, 10, 2, '2016-09-11', -1, '2016-09-05 09:17:02'),
(745, 10, 2, '2016-09-12', -1, '2016-09-05 09:17:02'),
(746, 10, 2, '2016-09-13', -1, '2016-09-05 09:17:02'),
(747, 10, 2, '2016-09-14', -1, '2016-09-05 09:17:02'),
(748, 10, 2, '2016-09-15', -1, '2016-09-05 09:17:02'),
(749, 10, 2, '2016-09-16', -1, '2016-09-05 09:17:02'),
(750, 10, 2, '2016-09-17', -1, '2016-09-05 09:17:02'),
(751, 10, 2, '2016-09-18', -1, '2016-09-05 09:17:02'),
(752, 10, 2, '2016-09-19', -1, '2016-09-05 09:17:02'),
(753, 10, 2, '2016-09-20', -1, '2016-09-05 09:17:02'),
(754, 10, 2, '2016-09-21', -1, '2016-09-05 09:17:02'),
(755, 10, 2, '2016-09-22', -1, '2016-09-05 09:17:02'),
(756, 10, 2, '2016-09-23', -1, '2016-09-05 09:17:02'),
(757, 10, 2, '2016-09-24', -1, '2016-09-05 09:17:02'),
(758, 10, 2, '2016-09-25', -1, '2016-09-05 09:17:02'),
(759, 10, 2, '2016-09-26', -1, '2016-09-05 09:17:02'),
(760, 10, 2, '2016-09-27', -1, '2016-09-05 09:17:02'),
(761, 10, 2, '2016-09-28', -1, '2016-09-05 09:17:02'),
(762, 10, 2, '2016-09-29', -1, '2016-09-05 09:17:02'),
(763, 10, 2, '2016-09-30', -1, '2016-09-05 09:17:02');

-- --------------------------------------------------------

--
-- Table structure for table `blood_group`
--

CREATE TABLE `blood_group` (
  `id_blood_group` int(11) NOT NULL,
  `name` varchar(50) NOT NULL
) ENGINE=MyISAM DEFAULT CHARSET=latin1;

--
-- Dumping data for table `blood_group`
--

INSERT INTO `blood_group` (`id_blood_group`, `name`) VALUES
(1, 'A+'),
(2, 'A-'),
(3, 'B+'),
(4, 'B-'),
(5, 'AB+'),
(6, 'AB-'),
(7, 'O+'),
(8, 'O-');

-- --------------------------------------------------------

--
-- Table structure for table `board`
--

CREATE TABLE `board` (
  `id_board` int(11) NOT NULL,
  `school_id` int(11) NOT NULL,
  `board_name` varchar(255) DEFAULT NULL,
  `board_description` text,
  `status` tinyint(4) DEFAULT '1',
  `created_date_time` timestamp NOT NULL DEFAULT CURRENT_TIMESTAMP
) ENGINE=InnoDB DEFAULT CHARSET=latin1;

--
-- Dumping data for table `board`
--

INSERT INTO `board` (`id_board`, `school_id`, `board_name`, `board_description`, `status`, `created_date_time`) VALUES
(1, 1, 'CBSE', 'Central Syllabus.', 1, '2016-07-31 09:25:40'),
(2, 1, 'State', 'State Syallabus', 1, '2016-07-31 09:25:57');

-- --------------------------------------------------------

--
-- Table structure for table `category`
--

CREATE TABLE `category` (
  `id_category` int(11) NOT NULL,
  `category_name` varchar(250) NOT NULL
) ENGINE=InnoDB DEFAULT CHARSET=latin1;

-- --------------------------------------------------------

--
-- Table structure for table `city`
--

CREATE TABLE `city` (
  `id_city` int(11) NOT NULL,
  `city` varchar(255) DEFAULT NULL,
  `state_id` int(11) DEFAULT NULL
) ENGINE=InnoDB DEFAULT CHARSET=latin1;

--
-- Dumping data for table `city`
--

INSERT INTO `city` (`id_city`, `city`, `state_id`) VALUES
(1, 'Hyderabad', 2),
(2, 'Guntur', 1);

-- --------------------------------------------------------

--
-- Table structure for table `class_fee`
--

CREATE TABLE `class_fee` (
  `id_class_fee` int(11) NOT NULL,
  `fee_type_id` int(11) DEFAULT NULL,
  `fee_structure_id` int(11) DEFAULT NULL,
  `amount` float DEFAULT NULL
) ENGINE=InnoDB DEFAULT CHARSET=latin1;

--
-- Dumping data for table `class_fee`
--

INSERT INTO `class_fee` (`id_class_fee`, `fee_type_id`, `fee_structure_id`, `amount`) VALUES
(1, 7, 1, 2000),
(2, 8, 1, 1000),
(3, 9, 1, 5000),
(4, 10, 1, 5000),
(5, 11, 1, 1000),
(6, 7, 2, 3000),
(7, 8, 2, 1000),
(8, 9, 2, 6000),
(9, 10, 2, 5000),
(10, 11, 2, 1000);

-- --------------------------------------------------------

--
-- Table structure for table `class_time_table`
--

CREATE TABLE `class_time_table` (
  `id_class_time_table` int(11) NOT NULL,
  `course_id` int(11) DEFAULT NULL,
  `start_date` date DEFAULT NULL,
  `end_date` date DEFAULT NULL,
  `status` tinyint(4) NOT NULL DEFAULT '1',
  `created` datetime NOT NULL DEFAULT CURRENT_TIMESTAMP,
  `updated` datetime NOT NULL DEFAULT CURRENT_TIMESTAMP ON UPDATE CURRENT_TIMESTAMP
) ENGINE=InnoDB DEFAULT CHARSET=latin1;

--
-- Dumping data for table `class_time_table`
--

INSERT INTO `class_time_table` (`id_class_time_table`, `course_id`, `start_date`, `end_date`, `status`, `created`, `updated`) VALUES
(1, 1, '2016-10-01', '2016-10-04', 1, '2016-10-02 17:18:01', '2016-10-02 17:18:01');

-- --------------------------------------------------------

--
-- Table structure for table `class_timing`
--

CREATE TABLE `class_timing` (
  `id_class_timing` int(11) NOT NULL,
  `name` varchar(255) DEFAULT NULL,
  `start_time` time DEFAULT NULL,
  `end_time` time DEFAULT NULL,
  `is_break` tinyint(4) NOT NULL DEFAULT '0',
  `status` tinyint(4) NOT NULL DEFAULT '1',
  `created` datetime NOT NULL DEFAULT CURRENT_TIMESTAMP,
  `updated` datetime NOT NULL DEFAULT CURRENT_TIMESTAMP ON UPDATE CURRENT_TIMESTAMP
) ENGINE=InnoDB DEFAULT CHARSET=latin1;

--
-- Dumping data for table `class_timing`
--

INSERT INTO `class_timing` (`id_class_timing`, `name`, `start_time`, `end_time`, `is_break`, `status`, `created`, `updated`) VALUES
(1, 'Period 1', '09:15:00', '10:00:00', 0, 1, '2016-09-14 20:55:19', '2016-09-14 20:55:19'),
(2, 'Period 2', '10:00:00', '10:45:00', 0, 1, '2016-09-14 20:55:19', '2016-09-14 20:55:19'),
(3, 'Break', '10:45:00', '11:00:00', 1, 1, '2016-09-14 20:55:19', '2016-09-18 14:55:26'),
(4, 'Period 3', '11:00:00', '11:45:00', 0, 1, '2016-09-14 20:55:19', '2016-09-14 20:55:19'),
(5, 'Period 4', '11:45:00', '12:30:00', 0, 1, '2016-09-14 20:55:19', '2016-09-14 20:55:19'),
(6, 'Lunch', '12:30:00', '13:15:00', 1, 1, '2016-09-14 20:55:19', '2016-09-18 14:56:21'),
(7, 'Period 5', '13:15:00', '14:00:00', 0, 1, '2016-09-18 14:59:19', '2016-09-18 14:59:19'),
(8, 'Period 6', '14:00:00', '14:45:00', 0, 1, '2016-09-18 14:59:19', '2016-09-18 14:59:19'),
(9, 'Break', '14:45:00', '15:00:00', 1, 1, '2016-09-18 15:01:30', '2016-09-18 15:01:30'),
(10, 'Period 7', '15:00:00', '15:45:00', 0, 1, '2016-09-18 15:01:31', '2016-09-18 15:01:31'),
(11, 'Period 8', '15:45:00', '16:30:00', 0, 1, '2016-09-18 15:01:31', '2016-09-18 15:01:31');

-- --------------------------------------------------------

--
-- Table structure for table `country`
--

CREATE TABLE `country` (
  `id_country` int(11) NOT NULL,
  `country` varchar(255) DEFAULT NULL
) ENGINE=InnoDB DEFAULT CHARSET=latin1;

--
-- Dumping data for table `country`
--

INSERT INTO `country` (`id_country`, `country`) VALUES
(1, 'India');

-- --------------------------------------------------------

--
-- Table structure for table `course`
--

CREATE TABLE `course` (
  `id_course` int(11) NOT NULL,
  `board_id` int(11) NOT NULL,
  `course_name` varchar(255) DEFAULT NULL,
  `status` tinyint(4) DEFAULT '1',
  `created` datetime NOT NULL DEFAULT CURRENT_TIMESTAMP,
  `updated` datetime NOT NULL DEFAULT CURRENT_TIMESTAMP ON UPDATE CURRENT_TIMESTAMP
) ENGINE=InnoDB DEFAULT CHARSET=latin1;

--
-- Dumping data for table `course`
--

INSERT INTO `course` (`id_course`, `board_id`, `course_name`, `status`, `created`, `updated`) VALUES
(1, 1, 'Class I', 1, '2016-09-09 16:24:43', '2016-09-09 16:24:43'),
(2, 1, 'Class II', 1, '2016-09-09 16:24:43', '2016-09-09 16:24:43'),
(3, 2, 'Class I', 1, '2016-09-09 16:24:43', '2016-09-09 16:24:43'),
(4, 2, 'Class II', 1, '2016-09-09 16:24:43', '2016-09-09 16:24:43'),
(5, 2, 'Class III', 1, '2016-09-09 16:51:49', '2016-09-09 16:51:49'),
(6, 1, 'Class III', 1, '2016-09-09 16:54:44', '2016-09-09 16:54:44'),
(7, 1, 'Class IV', 1, '2016-09-09 16:56:11', '2016-09-09 16:56:11'),
(8, 1, 'Class V', 1, '2016-09-09 16:56:11', '2016-09-09 16:56:11'),
(9, 1, 'Class VI', 1, '2016-09-09 16:56:11', '2016-09-09 16:56:11'),
(10, 1, 'Class VII', 1, '2016-09-09 16:56:11', '2016-09-09 16:56:11'),
(11, 1, 'Class VIII', 1, '2016-09-09 16:56:11', '2016-09-09 16:56:11'),
(12, 1, 'Class IX', 1, '2016-09-09 16:56:11', '2016-09-09 16:56:11'),
(13, 2, 'Class X', 1, '2016-09-09 16:56:11', '2016-09-09 17:08:58'),
(14, 2, 'Class IV', 1, '2016-09-09 16:56:11', '2016-09-09 16:56:11'),
(15, 2, 'Class V', 1, '2016-09-09 16:56:11', '2016-09-09 16:56:11'),
(16, 2, 'Class VI', 1, '2016-09-09 16:56:12', '2016-09-09 16:56:12'),
(17, 2, 'Class VII', 1, '2016-09-09 16:56:12', '2016-09-09 16:56:12'),
(18, 2, 'Class VIII', 1, '2016-09-09 16:56:12', '2016-09-09 16:56:12'),
(19, 2, 'Class IX', 1, '2016-09-09 16:56:12', '2016-09-09 16:56:12'),
(20, 1, 'Class X', 1, '2016-09-09 16:56:12', '2016-09-09 17:08:26');

-- --------------------------------------------------------

--
-- Table structure for table `departments`
--

CREATE TABLE `departments` (
  `id_department` int(11) NOT NULL,
  `department_name` varchar(250) NOT NULL
) ENGINE=InnoDB DEFAULT CHARSET=latin1;

--
-- Dumping data for table `departments`
--

INSERT INTO `departments` (`id_department`, `department_name`) VALUES
(1, 'Telugu'),
(2, 'Hindi'),
(3, 'English'),
(4, 'Maths'),
(5, 'Science'),
(6, 'Social'),
(7, 'Physical'),
(8, 'Transport'),
(10, 'Others');

-- --------------------------------------------------------

--
-- Table structure for table `driver`
--

CREATE TABLE `driver` (
  `driver_id` int(11) NOT NULL,
  `firstName` varchar(255) DEFAULT NULL,
  `lastName` varchar(255) DEFAULT NULL,
  `phoneNumber` varchar(255) DEFAULT NULL,
  `dob` date DEFAULT NULL,
  `licenceNumber` varchar(255) DEFAULT NULL,
  `expiryDate` date DEFAULT NULL,
  `address` text,
  `created_date` timestamp NOT NULL DEFAULT CURRENT_TIMESTAMP,
  `updated_date` datetime DEFAULT NULL
) ENGINE=InnoDB DEFAULT CHARSET=latin1;

-- --------------------------------------------------------

--
-- Table structure for table `driver_vehicle`
--

CREATE TABLE `driver_vehicle` (
  `driver_vehicle_id` int(11) NOT NULL,
  `fk_driver_id` int(11) NOT NULL,
  `fk_vehicle_id` int(11) NOT NULL,
  `created_date` timestamp NOT NULL DEFAULT CURRENT_TIMESTAMP,
  `updated_date` datetime DEFAULT NULL
) ENGINE=InnoDB DEFAULT CHARSET=latin1 ROW_FORMAT=COMPACT;

-- --------------------------------------------------------

--
-- Table structure for table `fee_structure`
--

CREATE TABLE `fee_structure` (
  `id_fee_structure` int(11) NOT NULL,
  `academic_year_id` int(11) DEFAULT NULL,
  `board_id` int(11) DEFAULT NULL,
  `class_id` int(11) DEFAULT NULL,
  `status` tinyint(4) NOT NULL DEFAULT '1'
) ENGINE=InnoDB DEFAULT CHARSET=latin1;

--
-- Dumping data for table `fee_structure`
--

INSERT INTO `fee_structure` (`id_fee_structure`, `academic_year_id`, `board_id`, `class_id`, `status`) VALUES
(1, 1, 2, 1, 1),
(2, 1, 2, 2, 1);

-- --------------------------------------------------------

--
-- Table structure for table `fee_type`
--

CREATE TABLE `fee_type` (
  `id_fee_type` int(11) NOT NULL,
  `fee_type` varchar(255) DEFAULT NULL,
  `status` tinyint(4) DEFAULT '1'
) ENGINE=InnoDB DEFAULT CHARSET=latin1;

--
-- Dumping data for table `fee_type`
--

INSERT INTO `fee_type` (`id_fee_type`, `fee_type`, `status`) VALUES
(7, 'Admission Fee', 1),
(8, 'Monthly Fee', 1),
(9, 'Hostel Fee', 1),
(10, 'Transport Fee', 1),
(11, 'Other', 1);

-- --------------------------------------------------------

--
-- Table structure for table `route`
--

CREATE TABLE `route` (
  `route_id` int(11) NOT NULL,
  `routeName` varchar(255) NOT NULL,
  `stops` int(11) NOT NULL,
  `fk_vehicle_id` int(11) NOT NULL,
  `created_date` timestamp NOT NULL DEFAULT CURRENT_TIMESTAMP ON UPDATE CURRENT_TIMESTAMP,
  `updated_date` datetime DEFAULT NULL
) ENGINE=InnoDB DEFAULT CHARSET=latin1;

-- --------------------------------------------------------

--
-- Table structure for table `school`
--

CREATE TABLE `school` (
  `id_school` int(11) NOT NULL,
  `school_name` varchar(255) DEFAULT NULL,
  `school_logo` text,
  `address` text,
  `city_id` int(255) DEFAULT NULL,
  `state_id` int(255) DEFAULT NULL,
  `country_id` int(11) DEFAULT NULL,
  `pincode` varchar(255) DEFAULT NULL,
  `user_id` int(11) DEFAULT NULL,
  `status` int(11) DEFAULT '1',
  `created_date_time` timestamp NULL DEFAULT CURRENT_TIMESTAMP,
  `registration_id` varchar(225) DEFAULT NULL,
  `founded_on` date DEFAULT NULL,
  `curriculam` varchar(225) DEFAULT NULL,
  `phone` bigint(20) DEFAULT NULL,
  `alternative_phone` bigint(20) DEFAULT NULL,
  `email` varchar(225) DEFAULT NULL,
  `fax` varchar(225) DEFAULT NULL,
  `fav_icon` text,
  `principle_name` varchar(255) DEFAULT NULL,
  `principle_email` varchar(255) DEFAULT NULL,
  `principle_phone` bigint(20) DEFAULT NULL,
  `principle_mobile` bigint(20) DEFAULT NULL,
  `academic_year` varchar(255) DEFAULT NULL
) ENGINE=InnoDB DEFAULT CHARSET=latin1;

--
-- Dumping data for table `school`
--

INSERT INTO `school` (`id_school`, `school_name`, `school_logo`, `address`, `city_id`, `state_id`, `country_id`, `pincode`, `user_id`, `status`, `created_date_time`, `registration_id`, `founded_on`, `curriculam`, `phone`, `alternative_phone`, `email`, `fax`, `fav_icon`, `principle_name`, `principle_email`, `principle_phone`, `principle_mobile`, `academic_year`) VALUES
(1, 'sri chaitanya1', '1465708418sri.gif', 'ameerpet, hyderabad, telangana', 2, 1, 1, '500016', 3, 1, NULL, '123456', '2012-01-02', 'test', 123456789, 123456798, 'admin@gmail.com', '', NULL, 'prasad', '', 0, 0, NULL);

-- --------------------------------------------------------

--
-- Table structure for table `school_academic_year`
--

CREATE TABLE `school_academic_year` (
  `id_school_academic_year` int(11) NOT NULL,
  `school_id` int(11) DEFAULT NULL,
  `academic_year` varchar(255) DEFAULT NULL,
  `finance_year_start` datetime DEFAULT NULL,
  `finance_year_end` datetime DEFAULT NULL,
  `created_date_time` timestamp NULL DEFAULT CURRENT_TIMESTAMP
) ENGINE=InnoDB DEFAULT CHARSET=latin1;

-- --------------------------------------------------------

--
-- Table structure for table `section`
--

CREATE TABLE `section` (
  `id_section` int(11) NOT NULL,
  `course_id` int(11) NOT NULL,
  `section_name` varchar(255) NOT NULL,
  `status` tinyint(4) NOT NULL DEFAULT '1',
  `created` datetime NOT NULL DEFAULT CURRENT_TIMESTAMP,
  `updated` datetime NOT NULL DEFAULT CURRENT_TIMESTAMP ON UPDATE CURRENT_TIMESTAMP
) ENGINE=MyISAM DEFAULT CHARSET=latin1;

--
-- Dumping data for table `section`
--

INSERT INTO `section` (`id_section`, `course_id`, `section_name`, `status`, `created`, `updated`) VALUES
(1, 8, 'A', 1, '2016-09-24 10:35:31', '2016-09-24 10:51:54'),
(2, 8, 'B', 1, '2016-09-24 10:35:31', '2016-09-24 10:35:31'),
(3, 8, 'C', 1, '2016-09-24 10:35:31', '2016-09-24 10:35:31'),
(4, 9, 'A', 1, '2016-09-24 10:35:31', '2016-09-24 10:35:31'),
(5, 9, 'B', 1, '2016-09-24 10:35:31', '2016-09-24 10:35:31'),
(6, 9, 'C', 1, '2016-09-24 10:35:31', '2016-09-24 10:35:31'),
(7, 10, 'A', 1, '2016-09-24 10:35:31', '2016-09-24 10:35:31'),
(8, 10, 'B', 1, '2016-09-24 10:35:31', '2016-09-24 10:35:31'),
(9, 10, 'C', 1, '2016-09-24 10:35:31', '2016-09-24 10:35:31'),
(10, 11, 'A', 1, '2016-09-24 10:35:31', '2016-09-24 10:35:31'),
(11, 11, 'B', 1, '2016-09-24 10:35:31', '2016-09-24 10:35:31'),
(12, 11, 'C', 1, '2016-09-24 10:35:31', '2016-09-24 10:35:31'),
(13, 12, 'A', 1, '2016-09-24 10:35:31', '2016-09-24 10:35:31'),
(14, 12, 'B', 1, '2016-09-24 10:35:31', '2016-09-24 10:35:31'),
(15, 12, 'C', 1, '2016-09-24 10:35:31', '2016-09-24 10:35:31'),
(16, 20, 'A', 1, '2016-09-24 10:35:31', '2016-09-24 10:35:31'),
(17, 20, 'B', 1, '2016-09-24 10:35:31', '2016-09-24 10:35:31'),
(18, 20, 'C', 1, '2016-09-24 10:35:31', '2016-09-24 10:35:31'),
(19, 13, 'A', 1, '2016-09-24 10:55:45', '2016-09-24 10:55:45'),
(33, 17, 'B', 1, '2016-09-24 12:35:40', '2016-09-24 12:35:40'),
(23, 16, 'A', 1, '2016-09-24 10:55:45', '2016-09-24 10:55:45'),
(25, 17, 'A', 1, '2016-09-24 10:55:45', '2016-09-24 10:55:45'),
(32, 16, 'B', 1, '2016-09-24 12:35:40', '2016-09-24 12:35:40'),
(27, 18, 'A', 1, '2016-09-24 10:55:45', '2016-09-24 10:55:45'),
(29, 19, 'A', 1, '2016-09-24 10:55:45', '2016-09-24 10:55:45'),
(31, 13, 'B', 1, '2016-09-24 12:35:40', '2016-09-24 12:35:40'),
(34, 18, 'B', 1, '2016-09-24 12:35:40', '2016-09-24 12:35:40'),
(35, 19, 'B', 1, '2016-09-24 12:35:40', '2016-09-24 12:35:40');

-- --------------------------------------------------------

--
-- Table structure for table `staff`
--

CREATE TABLE `staff` (
  `id_staff` int(11) NOT NULL,
  `first_name` varchar(100) NOT NULL,
  `last_name` varchar(100) NOT NULL,
  `gender` varchar(55) NOT NULL,
  `dob` date DEFAULT NULL,
  `qualification` varchar(100) NOT NULL,
  `years` int(11) NOT NULL,
  `months` int(11) NOT NULL,
  `marital_status` varchar(55) NOT NULL,
  `blood_group_id` int(11) NOT NULL,
  `phone_number` varchar(50) NOT NULL,
  `email` varchar(100) NOT NULL,
  `experience_details` varchar(250) NOT NULL,
  `teacher_number` varchar(50) NOT NULL,
  `joining_date` date DEFAULT NULL,
  `teacher_department` int(11) NOT NULL,
  `teacher_type` int(11) NOT NULL,
  `job_title` varchar(50) NOT NULL,
  `father_name` varchar(50) NOT NULL,
  `mother_name` varchar(50) NOT NULL,
  `relation_name` varchar(255) NOT NULL,
  `children_count` varchar(30) NOT NULL,
  `nationality_id` int(11) NOT NULL,
  `profile_pic` varchar(50) NOT NULL,
  `fk_id_user` int(11) NOT NULL,
  `fk_id_academic_year` int(11) NOT NULL,
  `created` datetime NOT NULL DEFAULT CURRENT_TIMESTAMP,
  `updated` datetime NOT NULL DEFAULT CURRENT_TIMESTAMP ON UPDATE CURRENT_TIMESTAMP
) ENGINE=InnoDB DEFAULT CHARSET=latin1;

--
-- Dumping data for table `staff`
--

INSERT INTO `staff` (`id_staff`, `first_name`, `last_name`, `gender`, `dob`, `qualification`, `years`, `months`, `marital_status`, `blood_group_id`, `phone_number`, `email`, `experience_details`, `teacher_number`, `joining_date`, `teacher_department`, `teacher_type`, `job_title`, `father_name`, `mother_name`, `relation_name`, `children_count`, `nationality_id`, `profile_pic`, `fk_id_user`, `fk_id_academic_year`, `created`, `updated`) VALUES
(1, 'Suraj', 'Krishna', 'Male', '1980-01-01', 'Btech', 2, 0, 'Married', 3, '9879879088', 'test@in.com', 'Yes', '1000', '2016-06-08', 7, 5, 'Associate teacher', 'Raju', 'Rama', 'Radha', '1', 1, '1000_1.jpg', 19, 1, '2016-09-03 19:15:44', '2016-09-04 15:26:32'),
(2, 'Vijay', 'Kumar', 'Male', '1980-01-01', 'Be', 1, 10, 'Single', 5, '9898980000', 'vijay@in.com', 'Yes EXP', '1001', '2016-07-11', 8, 6, 'Associate', 'Ranga', 'Sujatha', '', '', 1, '1001_1.jpg', 20, 1, '2016-09-04 14:49:46', '2016-09-04 15:27:26'),
(3, 'Ramya', 'Krishna', 'Female', '1987-09-15', 'Msc', 4, 0, 'Married', 3, '9898980000', 'ramya@in.com', 'Test', '1002', '2016-07-05', 4, 6, 'Teacher', 'Subba rao', 'Vijaya', 'Venkatesh', '1', 1, '1002_1.jpg', 21, 1, '2016-09-27 18:49:22', '2016-09-27 18:49:22'),
(4, 'Raghu', 'Dixit', 'Male', '1980-09-01', 'Bsc', 3, 0, '0', 0, '8787879090', '', '', '1003', '2016-06-06', 5, 6, '', '', '', '', '', 0, '', 22, 1, '2016-09-27 18:51:26', '2016-09-27 18:51:26'),
(5, 'Prasanna', 'Lakshmi', 'Female', '1989-09-04', 'Btech', 1, 0, '0', 0, '9898980000', '', '', '1004', '2016-08-02', 6, 6, '', '', '', '', '', 0, '', 23, 1, '2016-09-27 18:52:42', '2016-09-27 18:52:42'),
(6, 'Nirmala', 'Kumari', 'Female', '1990-09-03', 'Bed', 12, 3, '0', 0, '123456789', '', '', '1005', '2016-09-01', 1, 6, '', '', '', '', '', 0, '', 24, 1, '2016-09-27 18:54:23', '2016-09-27 18:54:23'),
(7, 'Sukanya', 'Kumari', 'Female', '1985-09-10', 'Msc', 5, 3, '0', 0, '8787879090', '', '', '1006', '2016-08-01', 1, 6, '', '', '', '', '', 0, '', 25, 1, '2016-09-27 18:55:38', '2016-09-27 18:55:38'),
(8, 'Kalyan', 'Kumar', 'Male', '1983-09-06', 'Bed', 12, 9, '0', 0, '9', '', '', '1007', '2016-05-26', 2, 6, '', '', '', '', '', 0, '', 26, 1, '2016-09-27 18:56:47', '2016-09-27 18:56:47');

-- --------------------------------------------------------

--
-- Table structure for table `staff_class_allocate`
--

CREATE TABLE `staff_class_allocate` (
  `id_staff_class_allocate` int(11) NOT NULL,
  `board_id` int(11) NOT NULL,
  `staff_id` int(11) NOT NULL,
  `course_id` int(11) NOT NULL,
  `section_id` int(11) NOT NULL
) ENGINE=MyISAM DEFAULT CHARSET=latin1;

--
-- Dumping data for table `staff_class_allocate`
--

INSERT INTO `staff_class_allocate` (`id_staff_class_allocate`, `board_id`, `staff_id`, `course_id`, `section_id`) VALUES
(2, 2, 2, 1, 2);

-- --------------------------------------------------------

--
-- Table structure for table `staff_contact`
--

CREATE TABLE `staff_contact` (
  `id_staff_contact` int(11) NOT NULL,
  `staff_id` int(11) NOT NULL,
  `home_address_line1` varchar(50) NOT NULL,
  `home_address_line2` varchar(50) NOT NULL,
  `home_city` varchar(30) NOT NULL,
  `home_state` varchar(30) NOT NULL,
  `home_country_id` int(11) NOT NULL,
  `home_pincode` varchar(20) NOT NULL,
  `created` datetime NOT NULL DEFAULT CURRENT_TIMESTAMP,
  `updated` datetime NOT NULL DEFAULT CURRENT_TIMESTAMP ON UPDATE CURRENT_TIMESTAMP
) ENGINE=InnoDB DEFAULT CHARSET=latin1;

--
-- Dumping data for table `staff_contact`
--

INSERT INTO `staff_contact` (`id_staff_contact`, `staff_id`, `home_address_line1`, `home_address_line2`, `home_city`, `home_state`, `home_country_id`, `home_pincode`, `created`, `updated`) VALUES
(1, 1, '36', '22nd B Main', 'Bangalore', 'Karnataka', 1, '560078', '2016-09-04 11:46:10', '2016-09-04 11:50:54'),
(2, 2, '29', 'Sg palya', 'Bng', 'Karnataka', 1, '560029', '2016-09-04 14:54:57', '2016-09-04 14:54:57');

-- --------------------------------------------------------

--
-- Table structure for table `staff_documents`
--

CREATE TABLE `staff_documents` (
  `id_staff_document` int(11) NOT NULL,
  `staff_id` int(11) NOT NULL,
  `document_name` varchar(100) NOT NULL,
  `document_type` varchar(100) NOT NULL,
  `document_source` varchar(100) NOT NULL,
  `created` datetime NOT NULL DEFAULT CURRENT_TIMESTAMP,
  `updated` datetime NOT NULL DEFAULT CURRENT_TIMESTAMP ON UPDATE CURRENT_TIMESTAMP
) ENGINE=MyISAM DEFAULT CHARSET=latin1;

--
-- Dumping data for table `staff_documents`
--

INSERT INTO `staff_documents` (`id_staff_document`, `staff_id`, `document_name`, `document_type`, `document_source`, `created`, `updated`) VALUES
(1, 2, '1001_Admission Module.xls', '', 'uploads/staff/documents/1001/1001_Admission Module.xls', '2016-09-04 15:00:03', '2016-09-04 15:00:03'),
(3, 1, '1000_Project Plan.xlsx', '', 'uploads/staff/documents/1000/1000_Project Plan.xlsx', '2016-09-04 15:01:12', '2016-09-04 15:01:12'),
(5, 1, '1000_Fee Module.doc', '', 'uploads/staff/documents/1000/1000_Fee Module.doc', '2016-09-04 15:01:12', '2016-09-04 15:01:12');

-- --------------------------------------------------------

--
-- Table structure for table `staff_type`
--

CREATE TABLE `staff_type` (
  `id_staff_type` int(11) NOT NULL,
  `staff_type_name` varchar(255) NOT NULL,
  `created` datetime NOT NULL DEFAULT CURRENT_TIMESTAMP,
  `updated` datetime NOT NULL DEFAULT CURRENT_TIMESTAMP ON UPDATE CURRENT_TIMESTAMP
) ENGINE=MyISAM DEFAULT CHARSET=latin1;

--
-- Dumping data for table `staff_type`
--

INSERT INTO `staff_type` (`id_staff_type`, `staff_type_name`, `created`, `updated`) VALUES
(5, 'Administration', '2016-09-03 11:11:57', '2016-09-03 11:11:57'),
(6, 'Teaching', '2016-09-03 11:11:57', '2016-09-03 11:11:57'),
(7, 'Non Teaching', '2016-09-03 11:11:57', '2016-09-03 11:11:57'),
(8, 'Others', '2016-09-03 11:11:57', '2016-09-03 11:11:57'),
(9, '', '2016-09-04 17:33:33', '2016-09-04 17:33:33');

-- --------------------------------------------------------

--
-- Table structure for table `state`
--

CREATE TABLE `state` (
  `id_state` int(11) NOT NULL,
  `state` varchar(255) DEFAULT NULL,
  `country_id` int(11) DEFAULT NULL
) ENGINE=InnoDB DEFAULT CHARSET=latin1;

--
-- Dumping data for table `state`
--

INSERT INTO `state` (`id_state`, `state`, `country_id`) VALUES
(1, 'Andra Pradesh', 1),
(2, 'Telangana', 1);

-- --------------------------------------------------------

--
-- Table structure for table `student`
--

CREATE TABLE `student` (
  `id_student` int(11) NOT NULL,
  `fk_id_user` int(11) NOT NULL,
  `fk_id_academic_year` int(11) NOT NULL,
  `first_name` varchar(255) NOT NULL,
  `middle_name` varchar(255) NOT NULL,
  `last_name` varchar(255) NOT NULL,
  `gender` varchar(55) NOT NULL,
  `dob` date NOT NULL,
  `admission_number` int(11) NOT NULL,
  `admission_date` date NOT NULL,
  `board_id` int(11) NOT NULL,
  `course_id` int(11) NOT NULL,
  `section_id` int(11) NOT NULL,
  `blood_group` varchar(10) NOT NULL,
  `birth_place` varchar(255) NOT NULL,
  `nationality` varchar(50) NOT NULL,
  `religion` varchar(50) NOT NULL,
  `student_category` varchar(50) NOT NULL,
  `address_line_1` varchar(255) NOT NULL,
  `address_line_2` varchar(255) NOT NULL,
  `student_city` varchar(100) NOT NULL,
  `student_state` varchar(100) NOT NULL,
  `fk_country_id` int(11) NOT NULL,
  `pincode` varchar(55) NOT NULL,
  `phone_number` varchar(100) NOT NULL,
  `alternate_phone_number` varchar(100) NOT NULL,
  `email` varchar(100) NOT NULL,
  `photo` varchar(255) DEFAULT NULL,
  `created` datetime NOT NULL DEFAULT CURRENT_TIMESTAMP,
  `updated` datetime NOT NULL DEFAULT CURRENT_TIMESTAMP ON UPDATE CURRENT_TIMESTAMP
) ENGINE=InnoDB DEFAULT CHARSET=latin1;

--
-- Dumping data for table `student`
--

INSERT INTO `student` (`id_student`, `fk_id_user`, `fk_id_academic_year`, `first_name`, `middle_name`, `last_name`, `gender`, `dob`, `admission_number`, `admission_date`, `board_id`, `course_id`, `section_id`, `blood_group`, `birth_place`, `nationality`, `religion`, `student_category`, `address_line_1`, `address_line_2`, `student_city`, `student_state`, `fk_country_id`, `pincode`, `phone_number`, `alternate_phone_number`, `email`, `photo`, `created`, `updated`) VALUES
(1, 2, 1, 'Thulasiram', '', 'Bandaru', 'Male', '1984-11-16', 100, '2016-06-01', 2, 1, 1, 'AB+', 'Nellore', 'Indian', 'Hindu', '', 'Test address', 'Test address', 'Nellore', 'Ap', 1, '524137', '9620161122', '', 'thulasiram.bandaru@gmail.com', '100_1.jpg', '2016-09-03 11:10:19', '2016-09-03 11:10:19'),
(2, 4, 1, 'Vamsi', 'Krishna', 'Bandaru', 'Male', '1983-06-15', 101, '2015-06-02', 2, 1, 1, 'A+', 'Nellore', 'Indian', 'Hindu', '', 'Test address', 'Test address', 'Nellore', 'Ap', 1, '524137', '8899889988', '', 'vamsi@in.com', '101_1.jpg', '2016-09-03 11:10:19', '2016-09-03 11:10:19'),
(3, 6, 1, 'Ravi', 'Kiran', 'Dandi', 'Male', '1984-09-24', 102, '2014-06-10', 2, 1, 2, 'O+', 'Nellore', 'Indian', 'Hindu', '', 'Test addr', 'Test addr', 'Nellore', 'Ap', 1, '524137', '8787879090', '', '', '102_1.jpg', '2016-09-03 11:10:19', '2016-09-03 11:10:19'),
(4, 8, 1, 'Hari', 'Prasad', 'Mitta', 'Male', '1985-02-07', 103, '2013-07-17', 2, 1, 2, 'O+', 'Nellore', 'Indian', 'Hindu', '', 'Test', 'Test', 'Nellore', 'Ap', 1, '524137', '9879879088', '', '', '103_1.jpg', '2016-09-03 11:10:19', '2016-09-03 11:10:19'),
(5, 10, 1, 'Pramod', 'Kumar', 'Mitta', 'Male', '1986-01-01', 104, '2016-06-08', 2, 1, 2, '0', '', 'Indian', '', '', 'Test', '', '', '', 1, '', '', '', '', '104_1.jpg', '2016-09-03 11:10:19', '2016-09-03 11:10:19'),
(6, 11, 1, 'Banu', 'Beepthi', 'Bandaru', 'Female', '1986-12-03', 105, '2016-08-02', 2, 1, 1, '0', '', 'Indian', '', '', 'Test', '', '', '', 1, '', '', '', '', '105_1.jpg', '2016-09-03 11:10:19', '2016-09-03 11:10:19'),
(7, 13, 1, 'Prathap', '', 'Mitta', 'Male', '1988-01-01', 106, '2016-06-15', 2, 1, 1, '0', '', 'Indian', 'Hindu', '', 'Test', '', '', '', 1, '', '', '', '', '', '2016-09-03 11:10:19', '2016-09-03 11:10:19');

-- --------------------------------------------------------

--
-- Table structure for table `student_bkp`
--

CREATE TABLE `student_bkp` (
  `student_id` int(11) NOT NULL,
  `studentName` varchar(255) NOT NULL
) ENGINE=InnoDB DEFAULT CHARSET=latin1;

-- --------------------------------------------------------

--
-- Table structure for table `student_documents`
--

CREATE TABLE `student_documents` (
  `id_student_document` int(11) NOT NULL,
  `student_id` int(11) NOT NULL,
  `document_name` varchar(255) NOT NULL,
  `document_type` varchar(255) NOT NULL,
  `document_source` varchar(255) NOT NULL,
  `created` datetime NOT NULL DEFAULT CURRENT_TIMESTAMP,
  `updated` datetime NOT NULL DEFAULT CURRENT_TIMESTAMP ON UPDATE CURRENT_TIMESTAMP
) ENGINE=MyISAM DEFAULT CHARSET=latin1;

--
-- Dumping data for table `student_documents`
--

INSERT INTO `student_documents` (`id_student_document`, `student_id`, `document_name`, `document_type`, `document_source`, `created`, `updated`) VALUES
(1, 1, '100_Attendance Module DB.doc', '', 'uploads/student/documents/100/100_Attendance Module DB.doc', '2016-08-27 12:15:50', '2016-08-27 12:15:50'),
(2, 6, '105_Admission Module.xls', '', 'uploads/student/documents/105/105_Admission Module.xls', '2016-08-27 15:11:33', '2016-08-27 15:11:33'),
(3, 6, '105_Attendance Module.doc', '', 'uploads/student/documents/105/105_Attendance Module.doc', '2016-08-27 15:11:33', '2016-08-27 15:11:33');

-- --------------------------------------------------------

--
-- Table structure for table `student_fee`
--

CREATE TABLE `student_fee` (
  `id_student_fee` int(11) NOT NULL,
  `student_id` int(11) DEFAULT NULL,
  `amount` float DEFAULT NULL,
  `due` float DEFAULT NULL,
  `created_date` timestamp NULL DEFAULT NULL ON UPDATE CURRENT_TIMESTAMP
) ENGINE=InnoDB DEFAULT CHARSET=latin1;

--
-- Dumping data for table `student_fee`
--

INSERT INTO `student_fee` (`id_student_fee`, `student_id`, `amount`, `due`, `created_date`) VALUES
(1, 3, 5000, 9000, '2016-09-04 18:30:00');

-- --------------------------------------------------------

--
-- Table structure for table `student_parent`
--

CREATE TABLE `student_parent` (
  `id_parent` int(11) NOT NULL,
  `parent_first_name` varchar(255) NOT NULL,
  `parent_last_name` varchar(255) NOT NULL,
  `mother_name` varchar(255) NOT NULL,
  `parent_relation` varchar(55) NOT NULL,
  `parent_dob` date DEFAULT NULL,
  `parent_education` varchar(255) NOT NULL,
  `parent_occupation` varchar(255) NOT NULL,
  `parent_phone` varchar(55) NOT NULL,
  `parent_alt_phone` varchar(55) NOT NULL,
  `parent_email` varchar(55) NOT NULL,
  `parent_ofc_phone` varchar(55) NOT NULL,
  `parent_ofc_address` text NOT NULL,
  `parent_city` varchar(255) NOT NULL,
  `parent_state` varchar(255) NOT NULL,
  `parent_fk_country_id` int(11) NOT NULL,
  `created` datetime NOT NULL DEFAULT CURRENT_TIMESTAMP,
  `updated` datetime NOT NULL DEFAULT CURRENT_TIMESTAMP ON UPDATE CURRENT_TIMESTAMP
) ENGINE=MyISAM DEFAULT CHARSET=latin1;

--
-- Dumping data for table `student_parent`
--

INSERT INTO `student_parent` (`id_parent`, `parent_first_name`, `parent_last_name`, `mother_name`, `parent_relation`, `parent_dob`, `parent_education`, `parent_occupation`, `parent_phone`, `parent_alt_phone`, `parent_email`, `parent_ofc_phone`, `parent_ofc_address`, `parent_city`, `parent_state`, `parent_fk_country_id`, `created`, `updated`) VALUES
(1, 'Sreenivasulu', 'Bandaru', '', 'Father', '1960-08-16', '10', 'Business', '9988998899', '', '', '', '', 'Nellore', 'Ap', 1, '2016-08-27 12:14:44', '2016-08-27 12:14:44'),
(3, 'Ragavendra', 'Dandi', '', 'Father', '1954-08-10', '', '', '9089908990', '', '', '', '', '', '', 1, '2016-08-27 14:11:25', '2016-08-27 14:28:29'),
(4, 'Rambabu', 'Mitta', '', 'Father', '0000-00-00', '', '', '8889998880', '', '', '', '', '', '', 1, '2016-08-27 15:03:36', '2016-08-27 15:03:36'),
(5, 'Nagendra', 'Pannem', '', 'Father', '0000-00-00', '', '', '8787909098', '', '', '', '', '', '', 1, '2016-08-27 15:10:33', '2016-08-27 15:10:33');

-- --------------------------------------------------------

--
-- Table structure for table `student_parent_assoc`
--

CREATE TABLE `student_parent_assoc` (
  `id_student_parent` int(11) NOT NULL,
  `student_id` int(11) NOT NULL,
  `parent_id` int(11) NOT NULL,
  `user_id` int(11) NOT NULL
) ENGINE=MyISAM DEFAULT CHARSET=latin1;

--
-- Dumping data for table `student_parent_assoc`
--

INSERT INTO `student_parent_assoc` (`id_student_parent`, `student_id`, `parent_id`, `user_id`) VALUES
(1, 1, 1, 3),
(3, 2, 1, 3),
(4, 3, 3, 7),
(5, 4, 4, 9),
(6, 5, 4, 9),
(7, 6, 5, 12),
(8, 7, 4, 9);

-- --------------------------------------------------------

--
-- Table structure for table `student_previous_info`
--

CREATE TABLE `student_previous_info` (
  `id_student_previous_info` int(11) NOT NULL,
  `student_id` int(11) NOT NULL,
  `previous_institution` varchar(255) NOT NULL,
  `previous_year` varchar(55) NOT NULL,
  `previous_class` varchar(55) NOT NULL,
  `previous_grade` varchar(55) NOT NULL,
  `created` datetime NOT NULL DEFAULT CURRENT_TIMESTAMP,
  `updated` datetime NOT NULL DEFAULT CURRENT_TIMESTAMP ON UPDATE CURRENT_TIMESTAMP
) ENGINE=MyISAM DEFAULT CHARSET=latin1;

--
-- Dumping data for table `student_previous_info`
--

INSERT INTO `student_previous_info` (`id_student_previous_info`, `student_id`, `previous_institution`, `previous_year`, `previous_class`, `previous_grade`, `created`, `updated`) VALUES
(1, 1, 'Vijetha', '2015', '7', 'A', '2016-08-27 12:15:23', '2016-08-27 12:15:23'),
(2, 5, 'Lehs', '2015', '8', 'A', '2016-08-27 15:08:19', '2016-08-27 15:08:19'),
(3, 6, 'St paul\'s', '2015', '6', 'B', '2016-08-27 15:10:59', '2016-08-27 15:10:59');

-- --------------------------------------------------------

--
-- Table structure for table `student_route`
--

CREATE TABLE `student_route` (
  `student_route_id` int(11) NOT NULL,
  `fk_student_id` int(11) NOT NULL,
  `fk_route_id` int(11) NOT NULL,
  `created_date` timestamp NOT NULL DEFAULT CURRENT_TIMESTAMP,
  `updated_date` datetime DEFAULT NULL
) ENGINE=InnoDB DEFAULT CHARSET=latin1 ROW_FORMAT=COMPACT;

-- --------------------------------------------------------

--
-- Table structure for table `subject`
--

CREATE TABLE `subject` (
  `id_subject` int(11) NOT NULL,
  `course_id` int(11) DEFAULT NULL,
  `subject_name` varchar(255) DEFAULT NULL,
  `status` tinyint(4) DEFAULT '1',
  `created` datetime NOT NULL DEFAULT CURRENT_TIMESTAMP,
  `updated` datetime NOT NULL DEFAULT CURRENT_TIMESTAMP ON UPDATE CURRENT_TIMESTAMP
) ENGINE=InnoDB DEFAULT CHARSET=latin1;

--
-- Dumping data for table `subject`
--

INSERT INTO `subject` (`id_subject`, `course_id`, `subject_name`, `status`, `created`, `updated`) VALUES
(1, 1, 'Telugu', 1, '2016-09-13 13:07:11', '2016-09-13 13:07:11'),
(2, 1, 'Hindi', 1, '2016-09-13 13:07:11', '2016-09-13 13:07:11'),
(3, 1, 'English', 1, '2016-09-13 13:07:11', '2016-09-13 13:07:11'),
(4, 1, 'Maths', 1, '2016-09-13 13:07:11', '2016-09-13 13:07:11'),
(5, 1, 'Science', 1, '2016-09-13 13:07:11', '2016-09-13 13:07:11'),
(6, 1, 'Social', 1, '2016-09-13 13:07:11', '2016-09-13 13:07:11'),
(7, 2, 'Telugu', 1, '2016-09-13 13:07:11', '2016-09-13 13:07:11'),
(8, 2, 'Hindi', 1, '2016-09-13 13:07:11', '2016-09-13 13:07:11'),
(9, 2, 'English', 1, '2016-09-13 13:07:11', '2016-09-13 13:07:11'),
(10, 2, 'Maths', 1, '2016-09-13 13:07:11', '2016-09-13 13:07:11'),
(11, 2, 'Science', 1, '2016-09-13 13:07:11', '2016-09-13 13:07:11'),
(12, 2, 'Social', 1, '2016-09-13 13:07:11', '2016-09-13 13:07:11'),
(13, 6, 'Telugu', 1, '2016-09-13 13:07:11', '2016-09-13 13:07:11'),
(14, 6, 'Hindi', 1, '2016-09-13 13:07:11', '2016-09-13 13:07:11'),
(15, 6, 'English', 1, '2016-09-13 13:07:11', '2016-09-13 13:07:11'),
(16, 6, 'Maths', 1, '2016-09-13 13:07:11', '2016-09-13 13:07:11'),
(17, 6, 'Science', 1, '2016-09-13 13:07:11', '2016-09-13 13:07:11'),
(18, 6, 'Social', 1, '2016-09-13 13:07:11', '2016-09-13 13:07:11'),
(19, 7, 'Telugu', 1, '2016-09-13 13:07:11', '2016-09-13 13:07:11'),
(20, 7, 'Hindi', 1, '2016-09-13 13:07:11', '2016-09-13 13:07:11'),
(21, 7, 'English', 1, '2016-09-13 13:07:11', '2016-09-13 13:07:11'),
(22, 7, 'Maths', 1, '2016-09-13 13:07:11', '2016-09-13 13:07:11'),
(23, 7, 'Science', 1, '2016-09-13 13:07:11', '2016-09-13 13:07:11'),
(24, 7, 'Social', 1, '2016-09-13 13:07:11', '2016-09-13 13:07:11'),
(25, 8, 'Telugu', 1, '2016-09-13 13:07:11', '2016-09-13 13:07:11'),
(26, 8, 'Hindi', 1, '2016-09-13 13:07:11', '2016-09-13 13:07:11'),
(27, 8, 'English', 1, '2016-09-13 13:07:11', '2016-09-13 13:07:11'),
(28, 8, 'Maths', 1, '2016-09-13 13:07:11', '2016-09-13 13:07:11'),
(29, 8, 'Science', 1, '2016-09-13 13:07:11', '2016-09-13 13:07:11'),
(30, 8, 'Social', 1, '2016-09-13 13:07:11', '2016-09-13 13:07:11'),
(31, 9, 'Telugu', 1, '2016-09-13 13:07:11', '2016-09-13 13:07:11'),
(32, 9, 'Hindi', 1, '2016-09-13 13:07:11', '2016-09-13 13:07:11'),
(33, 9, 'English', 1, '2016-09-13 13:07:11', '2016-09-13 13:07:11'),
(34, 9, 'Maths', 1, '2016-09-13 13:07:11', '2016-09-13 13:07:11'),
(35, 9, 'Science', 1, '2016-09-13 13:07:11', '2016-09-13 13:07:11'),
(36, 9, 'Social', 1, '2016-09-13 13:07:11', '2016-09-13 13:07:11'),
(37, 10, 'Telugu', 1, '2016-09-13 13:07:11', '2016-09-13 13:07:11'),
(38, 10, 'Hindi', 1, '2016-09-13 13:07:11', '2016-09-13 13:07:11'),
(39, 10, 'English', 1, '2016-09-13 13:07:11', '2016-09-13 13:07:11'),
(40, 10, 'Maths', 1, '2016-09-13 13:07:11', '2016-09-13 13:07:11'),
(41, 10, 'Science', 1, '2016-09-13 13:07:11', '2016-09-13 13:07:11'),
(43, 11, 'Biology', 1, '2016-09-13 14:27:40', '2016-09-13 14:27:40'),
(44, 12, 'Biology', 1, '2016-09-13 14:27:40', '2016-09-13 14:27:40'),
(45, 20, 'Biology', 1, '2016-09-13 14:27:40', '2016-09-13 14:27:40'),
(46, 11, 'Telugu', 1, '2016-09-13 14:28:32', '2016-09-13 14:28:32'),
(47, 11, 'Hindi', 1, '2016-09-13 14:28:32', '2016-09-13 14:28:32'),
(48, 11, 'English', 1, '2016-09-13 14:28:32', '2016-09-13 14:28:32'),
(49, 12, 'Telugu', 1, '2016-09-13 14:28:32', '2016-09-13 14:28:32'),
(50, 12, 'Hindi', 1, '2016-09-13 14:28:32', '2016-09-13 14:28:32'),
(51, 12, 'English', 1, '2016-09-13 14:28:32', '2016-09-13 14:28:32'),
(52, 20, 'Telugu', 1, '2016-09-13 14:28:32', '2016-09-13 14:28:32'),
(53, 20, 'Hindi', 1, '2016-09-13 14:28:32', '2016-09-13 14:28:32'),
(54, 20, 'English', 1, '2016-09-13 14:28:32', '2016-09-13 14:28:32'),
(127, 3, 'Telugu', 1, '2016-09-13 14:51:39', '2016-09-13 14:52:02'),
(128, 3, 'Hindi', 1, '2016-09-13 14:53:03', '2016-09-13 14:53:03'),
(129, 3, 'English', 1, '2016-09-13 14:53:03', '2016-09-13 14:53:03'),
(130, 3, 'Maths', 1, '2016-09-13 14:53:03', '2016-09-13 14:53:03'),
(131, 3, 'Science', 1, '2016-09-13 14:53:03', '2016-09-13 14:53:03'),
(132, 3, 'Social', 1, '2016-09-13 14:53:03', '2016-09-13 14:53:03'),
(133, 4, 'Hindi', 1, '2016-09-13 14:53:03', '2016-09-13 14:53:03'),
(134, 4, 'English', 1, '2016-09-13 14:53:03', '2016-09-13 14:53:03'),
(135, 4, 'Maths', 1, '2016-09-13 14:53:03', '2016-09-13 14:53:03'),
(136, 4, 'Science', 1, '2016-09-13 14:53:03', '2016-09-13 14:53:03'),
(137, 4, 'Social', 1, '2016-09-13 14:53:03', '2016-09-13 14:53:03'),
(138, 4, 'Telugu', 1, '2016-09-13 14:53:03', '2016-09-13 14:53:03'),
(139, 5, 'Hindi', 1, '2016-09-13 14:53:03', '2016-09-13 14:53:03'),
(140, 5, 'English', 1, '2016-09-13 14:53:03', '2016-09-13 14:53:03'),
(141, 5, 'Maths', 1, '2016-09-13 14:53:03', '2016-09-13 14:53:03'),
(142, 5, 'Science', 1, '2016-09-13 14:53:03', '2016-09-13 14:53:03'),
(143, 5, 'Social', 1, '2016-09-13 14:53:03', '2016-09-13 14:53:03'),
(144, 5, 'Telugu', 1, '2016-09-13 14:53:03', '2016-09-13 14:53:03'),
(145, 13, 'Hindi', 1, '2016-09-13 14:53:03', '2016-09-13 14:53:03'),
(146, 13, 'English', 1, '2016-09-13 14:53:03', '2016-09-13 14:53:03'),
(147, 13, 'Maths', 1, '2016-09-13 14:53:03', '2016-09-13 14:53:03'),
(148, 13, 'Science', 1, '2016-09-13 14:53:03', '2016-09-13 14:53:03'),
(149, 13, 'Social', 1, '2016-09-13 14:53:03', '2016-09-13 14:53:03'),
(150, 13, 'Telugu', 1, '2016-09-13 14:53:03', '2016-09-13 14:53:03'),
(151, 14, 'Hindi', 1, '2016-09-13 14:53:03', '2016-09-13 14:53:03'),
(152, 14, 'English', 1, '2016-09-13 14:53:03', '2016-09-13 14:53:03'),
(153, 14, 'Maths', 1, '2016-09-13 14:53:03', '2016-09-13 14:53:03'),
(154, 14, 'Science', 1, '2016-09-13 14:53:03', '2016-09-13 14:53:03'),
(155, 14, 'Social', 1, '2016-09-13 14:53:03', '2016-09-13 14:53:03'),
(156, 14, 'Telugu', 1, '2016-09-13 14:53:03', '2016-09-13 14:53:03'),
(157, 15, 'Hindi', 1, '2016-09-13 14:53:03', '2016-09-13 14:53:03'),
(158, 15, 'English', 1, '2016-09-13 14:53:03', '2016-09-13 14:53:03'),
(159, 15, 'Maths', 1, '2016-09-13 14:53:03', '2016-09-13 14:53:03'),
(160, 15, 'Science', 1, '2016-09-13 14:53:03', '2016-09-13 14:53:03'),
(161, 15, 'Social', 1, '2016-09-13 14:53:03', '2016-09-13 14:53:03'),
(162, 15, 'Telugu', 1, '2016-09-13 14:53:03', '2016-09-13 14:53:03'),
(163, 16, 'Hindi', 1, '2016-09-13 14:53:03', '2016-09-13 14:53:03'),
(164, 16, 'English', 1, '2016-09-13 14:53:03', '2016-09-13 14:53:03'),
(165, 16, 'Maths', 1, '2016-09-13 14:53:03', '2016-09-13 14:53:03'),
(166, 16, 'Science', 1, '2016-09-13 14:53:03', '2016-09-13 14:53:03'),
(167, 16, 'Social', 1, '2016-09-13 14:53:03', '2016-09-13 14:53:03'),
(168, 16, 'Telugu', 1, '2016-09-13 14:53:03', '2016-09-13 14:53:03'),
(169, 17, 'Hindi', 1, '2016-09-13 14:53:03', '2016-09-13 14:53:03'),
(170, 17, 'English', 1, '2016-09-13 14:53:03', '2016-09-13 14:53:03'),
(171, 17, 'Maths', 1, '2016-09-13 14:53:03', '2016-09-13 14:53:03'),
(172, 17, 'Science', 1, '2016-09-13 14:53:03', '2016-09-13 14:53:03'),
(173, 17, 'Social', 1, '2016-09-13 14:53:03', '2016-09-13 14:53:03'),
(174, 17, 'Telugu', 1, '2016-09-13 14:53:03', '2016-09-13 14:53:03'),
(175, 18, 'Hindi', 1, '2016-09-13 14:53:03', '2016-09-13 14:53:03'),
(176, 18, 'English', 1, '2016-09-13 14:53:03', '2016-09-13 14:53:03'),
(177, 18, 'Maths', 1, '2016-09-13 14:53:03', '2016-09-13 14:53:03'),
(178, 18, 'Science', 1, '2016-09-13 14:53:03', '2016-09-13 14:53:03'),
(179, 18, 'Social', 1, '2016-09-13 14:53:03', '2016-09-13 14:53:03'),
(180, 18, 'Telugu', 1, '2016-09-13 14:53:03', '2016-09-13 14:53:03'),
(181, 19, 'Hindi', 1, '2016-09-13 14:53:03', '2016-09-13 14:53:03'),
(182, 19, 'English', 1, '2016-09-13 14:53:03', '2016-09-13 14:53:03'),
(183, 19, 'Maths', 1, '2016-09-13 14:53:04', '2016-09-13 14:53:04'),
(184, 19, 'Science', 1, '2016-09-13 14:53:04', '2016-09-13 14:53:04'),
(185, 19, 'Social', 1, '2016-09-13 14:53:04', '2016-09-13 14:53:04'),
(186, 19, 'Telugu', 1, '2016-09-13 14:53:04', '2016-09-13 14:53:04'),
(187, 13, 'Biology', 1, '2016-09-13 14:54:08', '2016-09-13 14:54:08'),
(188, 18, 'Biology', 1, '2016-09-13 14:54:08', '2016-09-13 14:54:08'),
(189, 19, 'Biology', 1, '2016-09-13 14:54:08', '2016-09-13 14:54:08'),
(192, 1, 'Test', 1, '2016-09-24 12:43:37', '2016-09-24 12:43:37');

-- --------------------------------------------------------

--
-- Table structure for table `teacher_number`
--

CREATE TABLE `teacher_number` (
  `id_teacher_number` int(11) NOT NULL,
  `teacher_number` varchar(55) NOT NULL
) ENGINE=MyISAM DEFAULT CHARSET=latin1;

--
-- Dumping data for table `teacher_number`
--

INSERT INTO `teacher_number` (`id_teacher_number`, `teacher_number`) VALUES
(1, '1000');

-- --------------------------------------------------------

--
-- Table structure for table `time_table`
--

CREATE TABLE `time_table` (
  `id_time_table` int(11) NOT NULL,
  `class_time_table_id` int(11) DEFAULT NULL,
  `class_timing_id` int(11) DEFAULT NULL,
  `day_id` int(11) DEFAULT NULL,
  `subject_id` int(11) DEFAULT NULL,
  `teacher_id` int(11) DEFAULT NULL
) ENGINE=InnoDB DEFAULT CHARSET=latin1;

--
-- Dumping data for table `time_table`
--

INSERT INTO `time_table` (`id_time_table`, `class_time_table_id`, `class_timing_id`, `day_id`, `subject_id`, `teacher_id`) VALUES
(1, 1, 1, 2, 1, 1),
(2, 1, 2, 2, 0, 0),
(3, 1, 3, 2, 0, 0),
(4, 1, 4, 2, 0, 0),
(5, 1, 5, 2, 0, 0),
(6, 1, 6, 2, 0, 0),
(7, 1, 7, 2, 0, 0),
(8, 1, 8, 2, 0, 0),
(9, 1, 9, 2, 0, 0),
(10, 1, 10, 2, 0, 0),
(11, 1, 11, 2, 0, 0),
(12, 1, 1, 3, 1, 1),
(13, 1, 2, 3, 0, 0),
(14, 1, 3, 3, 0, 0),
(15, 1, 4, 3, 0, 0),
(16, 1, 5, 3, 0, 0),
(17, 1, 6, 3, 0, 0),
(18, 1, 7, 3, 0, 0),
(19, 1, 8, 3, 0, 0),
(20, 1, 9, 3, 0, 0),
(21, 1, 10, 3, 0, 0),
(22, 1, 11, 3, 0, 0),
(23, 1, 1, 4, 1, 1),
(24, 1, 2, 4, 0, 0),
(25, 1, 3, 4, 0, 0),
(26, 1, 4, 4, 0, 0),
(27, 1, 5, 4, 0, 0),
(28, 1, 6, 4, 0, 0),
(29, 1, 7, 4, 0, 0),
(30, 1, 8, 4, 0, 0),
(31, 1, 9, 4, 0, 0),
(32, 1, 10, 4, 0, 0),
(33, 1, 11, 4, 0, 0),
(34, 1, 1, 5, 1, 1),
(35, 1, 2, 5, 0, 0),
(36, 1, 3, 5, 0, 0),
(37, 1, 4, 5, 0, 0),
(38, 1, 5, 5, 0, 0),
(39, 1, 6, 5, 0, 0),
(40, 1, 7, 5, 0, 0),
(41, 1, 8, 5, 0, 0),
(42, 1, 9, 5, 0, 0),
(43, 1, 10, 5, 0, 0),
(44, 1, 11, 5, 0, 0),
(45, 1, 1, 6, 1, 1),
(46, 1, 2, 6, 0, 0),
(47, 1, 3, 6, 0, 0),
(48, 1, 4, 6, 0, 0),
(49, 1, 5, 6, 0, 0),
(50, 1, 6, 6, 0, 0),
(51, 1, 7, 6, 0, 0),
(52, 1, 8, 6, 0, 0),
(53, 1, 9, 6, 0, 0),
(54, 1, 10, 6, 0, 0),
(55, 1, 11, 6, 0, 0),
(56, 1, 1, 7, 1, 1),
(57, 1, 2, 7, 0, 0),
(58, 1, 3, 7, 0, 0),
(59, 1, 4, 7, 0, 0),
(60, 1, 5, 7, 0, 0),
(61, 1, 6, 7, 0, 0),
(62, 1, 7, 7, 0, 0),
(63, 1, 8, 7, 0, 0),
(64, 1, 9, 7, 0, 0),
(65, 1, 10, 7, 0, 0),
(66, 1, 11, 7, 0, 0);

-- --------------------------------------------------------

--
-- Table structure for table `user`
--

CREATE TABLE `user` (
  `id_user` int(11) NOT NULL,
  `user_type_id` int(11) NOT NULL,
  `first_name` varchar(255) DEFAULT NULL,
  `last_name` varchar(255) DEFAULT NULL,
  `username` varchar(255) NOT NULL,
  `password` varchar(500) NOT NULL,
  `phone_number` bigint(20) DEFAULT NULL,
  `user_status` tinyint(4) NOT NULL DEFAULT '0',
  `created` timestamp NOT NULL DEFAULT CURRENT_TIMESTAMP,
  `updated` datetime NOT NULL DEFAULT CURRENT_TIMESTAMP ON UPDATE CURRENT_TIMESTAMP
) ENGINE=InnoDB DEFAULT CHARSET=latin1;

--
-- Dumping data for table `user`
--

INSERT INTO `user` (`id_user`, `user_type_id`, `first_name`, `last_name`, `username`, `password`, `phone_number`, `user_status`, `created`, `updated`) VALUES
(1, 1, 'admin', 'admin', 'admin', 'e10adc3949ba59abbe56e057f20f883e', NULL, 1, '2016-08-16 07:32:29', '2016-08-16 13:10:42'),
(2, 4, 'Thulasiram', 'Bandaru', '100', '471aa54f7f44b1bd264dfce86597e30a', 9620161122, 1, '2016-08-27 06:43:36', '2016-08-27 15:56:46'),
(3, 3, 'Sreenivasulu', 'Bandaru', '100_p', 'F899139df5e1059396431415e770c6dd', 0, 1, '2016-08-27 06:44:44', '2016-08-27 12:14:44'),
(4, 4, 'Vamsi', 'Bandaru', '101', 'Aeb872ebb53a98452a36ca58a7c84150', 8899889988, 1, '2016-08-27 07:01:53', '2016-08-27 12:31:53'),
(6, 4, 'Ravi', 'Dandi', '102', '211904cff84ab1cb60afbe3e431cb160', 8787879090, 1, '2016-08-27 08:33:26', '2016-08-27 14:03:26'),
(7, 3, 'Ragavendra', 'Dandi', '102_p', 'Ec8956637a99787bd197eacd77acce5e', 9089908990, 1, '2016-08-27 08:41:25', '2016-08-27 14:12:59'),
(8, 4, 'Hari', 'Mitta', '103', '97266603f09356c81875fc93afdaae32', 9879879088, 1, '2016-08-27 09:12:31', '2016-08-27 14:42:31'),
(9, 3, 'Rambabu', 'Mitta', '103_p', '6974ce5ac660610b44d9b9fed0ff9548', 0, 1, '2016-08-27 09:33:36', '2016-08-27 15:03:36'),
(10, 4, 'Pramod', 'Mitta', '104', '893b1c7b712e24a7ff44ece581427730', 0, 1, '2016-08-27 09:35:03', '2016-08-27 15:05:03'),
(11, 4, 'Banu', 'Bandaru', '105', '974b5bd09807a08eaa08ebbc03164a3b', 0, 1, '2016-08-27 09:39:57', '2016-08-27 15:09:57'),
(12, 3, 'Nagendra', 'Pannem', '105_p', '65b9eea6e1cc6bb9f0cd2a47751a186f', 0, 1, '2016-08-27 09:40:33', '2016-08-27 15:10:33'),
(13, 4, 'Prathap', 'Mitta', '106', 'Ef20393c002aed49c45c91be95d46471', 0, 1, '2016-08-27 11:53:55', '2016-08-27 17:23:55'),
(19, 2, 'Suraj', 'Krishna', '1000', '24fdf987d78b1f6d7c6008e7ecffeefb', 9879879088, 1, '2016-09-03 13:45:44', '2016-09-04 11:18:28'),
(20, 2, 'Vijay', 'Kumar', '1001', '24fdf987d78b1f6d7c6008e7ecffeefb', 9898980000, 1, '2016-09-04 09:19:46', '2016-09-04 14:49:46'),
(21, 2, 'Ramya', 'Krishna', '1002', '62ab2117ee8a41f4b3b128e3757c28c1', 9898980000, 1, '2016-09-27 13:19:22', '2016-09-27 18:49:22'),
(22, 2, 'Raghu', 'Dixit', '1003', '247394f2d7cee4211993b6938f94cbd2', 8787879090, 1, '2016-09-27 13:21:26', '2016-09-27 18:51:26'),
(23, 2, 'Prasanna', 'Lakshmi', '1004', 'B02502e9ba2e1e7311680cc56742030f', 9898980000, 1, '2016-09-27 13:22:42', '2016-09-27 18:52:42'),
(24, 2, 'Nirmala', 'Kumari', '1005', '94d3c42e17d013c057c05170dcfbdaba', 123456789, 1, '2016-09-27 13:24:23', '2016-09-27 18:54:23'),
(25, 2, 'Sukanya', 'Kumari', '1006', 'D1a206dab26f11a77dc54f88f4bb91af', 8787879090, 1, '2016-09-27 13:25:38', '2016-09-27 18:55:38'),
(26, 2, 'Kalyan', 'Kumar', '1007', '79240e988fae8515b5b02423dd55200f', 9, 1, '2016-09-27 13:26:47', '2016-09-27 18:56:47');

-- --------------------------------------------------------

--
-- Table structure for table `user_type`
--

CREATE TABLE `user_type` (
  `id_user_type` int(11) NOT NULL,
  `user_type` varchar(255) DEFAULT NULL
) ENGINE=InnoDB DEFAULT CHARSET=latin1;

--
-- Dumping data for table `user_type`
--

INSERT INTO `user_type` (`id_user_type`, `user_type`) VALUES
(1, 'admin'),
(2, 'teacher'),
(3, 'parent'),
(4, 'student');

-- --------------------------------------------------------

--
-- Table structure for table `vehicle`
--

CREATE TABLE `vehicle` (
  `vehicle_id` int(11) NOT NULL,
  `vehicleNumber` varchar(255) NOT NULL,
  `capacity` int(11) NOT NULL DEFAULT '0',
  `vehicleType` enum('Owner','Contract') NOT NULL DEFAULT 'Contract',
  `created_date` timestamp NOT NULL DEFAULT CURRENT_TIMESTAMP,
  `updated_date` datetime DEFAULT NULL
) ENGINE=InnoDB DEFAULT CHARSET=latin1;

-- --------------------------------------------------------

--
-- Table structure for table `week_day`
--

CREATE TABLE `week_day` (
  `id_week_day` int(11) NOT NULL,
  `day` int(11) DEFAULT NULL,
  `status` tinyint(4) DEFAULT NULL
) ENGINE=InnoDB DEFAULT CHARSET=latin1;

--
-- Dumping data for table `week_day`
--

INSERT INTO `week_day` (`id_week_day`, `day`, `status`) VALUES
(1, 2, 1),
(2, 3, 1),
(3, 4, 1),
(4, 5, 1),
(5, 6, 1),
(6, 7, 1),
(8, 1, 0);

--
-- Indexes for dumped tables
--

--
-- Indexes for table `academic_year`
--
ALTER TABLE `academic_year`
  ADD PRIMARY KEY (`id_academic_year`);

--
-- Indexes for table `admission_number`
--
ALTER TABLE `admission_number`
  ADD PRIMARY KEY (`id_admission_number`);

--
-- Indexes for table `attendance`
--
ALTER TABLE `attendance`
  ADD PRIMARY KEY (`id_attendance`);

--
-- Indexes for table `attendance_data`
--
ALTER TABLE `attendance_data`
  ADD PRIMARY KEY (`id_attendance_data`);

--
-- Indexes for table `blood_group`
--
ALTER TABLE `blood_group`
  ADD PRIMARY KEY (`id_blood_group`);

--
-- Indexes for table `board`
--
ALTER TABLE `board`
  ADD PRIMARY KEY (`id_board`);

--
-- Indexes for table `category`
--
ALTER TABLE `category`
  ADD PRIMARY KEY (`id_category`);

--
-- Indexes for table `city`
--
ALTER TABLE `city`
  ADD PRIMARY KEY (`id_city`);

--
-- Indexes for table `class_fee`
--
ALTER TABLE `class_fee`
  ADD PRIMARY KEY (`id_class_fee`);

--
-- Indexes for table `class_time_table`
--
ALTER TABLE `class_time_table`
  ADD PRIMARY KEY (`id_class_time_table`);

--
-- Indexes for table `class_timing`
--
ALTER TABLE `class_timing`
  ADD PRIMARY KEY (`id_class_timing`);

--
-- Indexes for table `country`
--
ALTER TABLE `country`
  ADD PRIMARY KEY (`id_country`);

--
-- Indexes for table `course`
--
ALTER TABLE `course`
  ADD PRIMARY KEY (`id_course`);

--
-- Indexes for table `departments`
--
ALTER TABLE `departments`
  ADD PRIMARY KEY (`id_department`);

--
-- Indexes for table `driver`
--
ALTER TABLE `driver`
  ADD PRIMARY KEY (`driver_id`);

--
-- Indexes for table `driver_vehicle`
--
ALTER TABLE `driver_vehicle`
  ADD PRIMARY KEY (`driver_vehicle_id`);

--
-- Indexes for table `fee_structure`
--
ALTER TABLE `fee_structure`
  ADD PRIMARY KEY (`id_fee_structure`);

--
-- Indexes for table `fee_type`
--
ALTER TABLE `fee_type`
  ADD PRIMARY KEY (`id_fee_type`);

--
-- Indexes for table `route`
--
ALTER TABLE `route`
  ADD PRIMARY KEY (`route_id`);

--
-- Indexes for table `school`
--
ALTER TABLE `school`
  ADD PRIMARY KEY (`id_school`);

--
-- Indexes for table `school_academic_year`
--
ALTER TABLE `school_academic_year`
  ADD PRIMARY KEY (`id_school_academic_year`);

--
-- Indexes for table `section`
--
ALTER TABLE `section`
  ADD PRIMARY KEY (`id_section`);

--
-- Indexes for table `staff`
--
ALTER TABLE `staff`
  ADD PRIMARY KEY (`id_staff`);

--
-- Indexes for table `staff_class_allocate`
--
ALTER TABLE `staff_class_allocate`
  ADD PRIMARY KEY (`id_staff_class_allocate`);

--
-- Indexes for table `staff_contact`
--
ALTER TABLE `staff_contact`
  ADD PRIMARY KEY (`id_staff_contact`);

--
-- Indexes for table `staff_documents`
--
ALTER TABLE `staff_documents`
  ADD PRIMARY KEY (`id_staff_document`);

--
-- Indexes for table `staff_type`
--
ALTER TABLE `staff_type`
  ADD PRIMARY KEY (`id_staff_type`);

--
-- Indexes for table `state`
--
ALTER TABLE `state`
  ADD PRIMARY KEY (`id_state`);

--
-- Indexes for table `student`
--
ALTER TABLE `student`
  ADD PRIMARY KEY (`id_student`);

--
-- Indexes for table `student_bkp`
--
ALTER TABLE `student_bkp`
  ADD PRIMARY KEY (`student_id`);

--
-- Indexes for table `student_documents`
--
ALTER TABLE `student_documents`
  ADD PRIMARY KEY (`id_student_document`);

--
-- Indexes for table `student_fee`
--
ALTER TABLE `student_fee`
  ADD PRIMARY KEY (`id_student_fee`);

--
-- Indexes for table `student_parent`
--
ALTER TABLE `student_parent`
  ADD PRIMARY KEY (`id_parent`);

--
-- Indexes for table `student_parent_assoc`
--
ALTER TABLE `student_parent_assoc`
  ADD PRIMARY KEY (`id_student_parent`);

--
-- Indexes for table `student_previous_info`
--
ALTER TABLE `student_previous_info`
  ADD PRIMARY KEY (`id_student_previous_info`);

--
-- Indexes for table `student_route`
--
ALTER TABLE `student_route`
  ADD PRIMARY KEY (`student_route_id`);

--
-- Indexes for table `subject`
--
ALTER TABLE `subject`
  ADD PRIMARY KEY (`id_subject`);

--
-- Indexes for table `teacher_number`
--
ALTER TABLE `teacher_number`
  ADD PRIMARY KEY (`id_teacher_number`);

--
-- Indexes for table `time_table`
--
ALTER TABLE `time_table`
  ADD PRIMARY KEY (`id_time_table`);

--
-- Indexes for table `user`
--
ALTER TABLE `user`
  ADD PRIMARY KEY (`id_user`),
  ADD KEY `user_type_id` (`user_type_id`);

--
-- Indexes for table `user_type`
--
ALTER TABLE `user_type`
  ADD PRIMARY KEY (`id_user_type`);

--
-- Indexes for table `vehicle`
--
ALTER TABLE `vehicle`
  ADD PRIMARY KEY (`vehicle_id`);

--
-- Indexes for table `week_day`
--
ALTER TABLE `week_day`
  ADD PRIMARY KEY (`id_week_day`);

--
-- AUTO_INCREMENT for dumped tables
--

--
-- AUTO_INCREMENT for table `academic_year`
--
ALTER TABLE `academic_year`
  MODIFY `id_academic_year` int(11) NOT NULL AUTO_INCREMENT, AUTO_INCREMENT=2;
--
-- AUTO_INCREMENT for table `admission_number`
--
ALTER TABLE `admission_number`
  MODIFY `id_admission_number` int(9) NOT NULL AUTO_INCREMENT, AUTO_INCREMENT=2;
--
-- AUTO_INCREMENT for table `attendance`
--
ALTER TABLE `attendance`
  MODIFY `id_attendance` int(11) NOT NULL AUTO_INCREMENT, AUTO_INCREMENT=17;
--
-- AUTO_INCREMENT for table `attendance_data`
--
ALTER TABLE `attendance_data`
  MODIFY `id_attendance_data` int(11) NOT NULL AUTO_INCREMENT, AUTO_INCREMENT=764;
--
-- AUTO_INCREMENT for table `blood_group`
--
ALTER TABLE `blood_group`
  MODIFY `id_blood_group` int(11) NOT NULL AUTO_INCREMENT, AUTO_INCREMENT=9;
--
-- AUTO_INCREMENT for table `board`
--
ALTER TABLE `board`
  MODIFY `id_board` int(11) NOT NULL AUTO_INCREMENT, AUTO_INCREMENT=3;
--
-- AUTO_INCREMENT for table `category`
--
ALTER TABLE `category`
  MODIFY `id_category` int(11) NOT NULL AUTO_INCREMENT;
--
-- AUTO_INCREMENT for table `city`
--
ALTER TABLE `city`
  MODIFY `id_city` int(11) NOT NULL AUTO_INCREMENT, AUTO_INCREMENT=3;
--
-- AUTO_INCREMENT for table `class_fee`
--
ALTER TABLE `class_fee`
  MODIFY `id_class_fee` int(11) NOT NULL AUTO_INCREMENT, AUTO_INCREMENT=11;
--
-- AUTO_INCREMENT for table `class_time_table`
--
ALTER TABLE `class_time_table`
  MODIFY `id_class_time_table` int(11) NOT NULL AUTO_INCREMENT, AUTO_INCREMENT=2;
--
-- AUTO_INCREMENT for table `class_timing`
--
ALTER TABLE `class_timing`
  MODIFY `id_class_timing` int(11) NOT NULL AUTO_INCREMENT, AUTO_INCREMENT=12;
--
-- AUTO_INCREMENT for table `country`
--
ALTER TABLE `country`
  MODIFY `id_country` int(11) NOT NULL AUTO_INCREMENT, AUTO_INCREMENT=2;
--
-- AUTO_INCREMENT for table `course`
--
ALTER TABLE `course`
  MODIFY `id_course` int(11) NOT NULL AUTO_INCREMENT, AUTO_INCREMENT=21;
--
-- AUTO_INCREMENT for table `departments`
--
ALTER TABLE `departments`
  MODIFY `id_department` int(11) NOT NULL AUTO_INCREMENT, AUTO_INCREMENT=11;
--
-- AUTO_INCREMENT for table `driver`
--
ALTER TABLE `driver`
  MODIFY `driver_id` int(11) NOT NULL AUTO_INCREMENT;
--
-- AUTO_INCREMENT for table `driver_vehicle`
--
ALTER TABLE `driver_vehicle`
  MODIFY `driver_vehicle_id` int(11) NOT NULL AUTO_INCREMENT;
--
-- AUTO_INCREMENT for table `fee_structure`
--
ALTER TABLE `fee_structure`
  MODIFY `id_fee_structure` int(11) NOT NULL AUTO_INCREMENT, AUTO_INCREMENT=3;
--
-- AUTO_INCREMENT for table `fee_type`
--
ALTER TABLE `fee_type`
  MODIFY `id_fee_type` int(11) NOT NULL AUTO_INCREMENT, AUTO_INCREMENT=12;
--
-- AUTO_INCREMENT for table `route`
--
ALTER TABLE `route`
  MODIFY `route_id` int(11) NOT NULL AUTO_INCREMENT;
--
-- AUTO_INCREMENT for table `school`
--
ALTER TABLE `school`
  MODIFY `id_school` int(11) NOT NULL AUTO_INCREMENT, AUTO_INCREMENT=2;
--
-- AUTO_INCREMENT for table `school_academic_year`
--
ALTER TABLE `school_academic_year`
  MODIFY `id_school_academic_year` int(11) NOT NULL AUTO_INCREMENT;
--
-- AUTO_INCREMENT for table `section`
--
ALTER TABLE `section`
  MODIFY `id_section` int(11) NOT NULL AUTO_INCREMENT, AUTO_INCREMENT=36;
--
-- AUTO_INCREMENT for table `staff`
--
ALTER TABLE `staff`
  MODIFY `id_staff` int(11) NOT NULL AUTO_INCREMENT, AUTO_INCREMENT=9;
--
-- AUTO_INCREMENT for table `staff_class_allocate`
--
ALTER TABLE `staff_class_allocate`
  MODIFY `id_staff_class_allocate` int(11) NOT NULL AUTO_INCREMENT, AUTO_INCREMENT=3;
--
-- AUTO_INCREMENT for table `staff_contact`
--
ALTER TABLE `staff_contact`
  MODIFY `id_staff_contact` int(11) NOT NULL AUTO_INCREMENT, AUTO_INCREMENT=3;
--
-- AUTO_INCREMENT for table `staff_documents`
--
ALTER TABLE `staff_documents`
  MODIFY `id_staff_document` int(11) NOT NULL AUTO_INCREMENT, AUTO_INCREMENT=6;
--
-- AUTO_INCREMENT for table `staff_type`
--
ALTER TABLE `staff_type`
  MODIFY `id_staff_type` int(11) NOT NULL AUTO_INCREMENT, AUTO_INCREMENT=10;
--
-- AUTO_INCREMENT for table `state`
--
ALTER TABLE `state`
  MODIFY `id_state` int(11) NOT NULL AUTO_INCREMENT, AUTO_INCREMENT=3;
--
-- AUTO_INCREMENT for table `student`
--
ALTER TABLE `student`
  MODIFY `id_student` int(11) NOT NULL AUTO_INCREMENT, AUTO_INCREMENT=8;
--
-- AUTO_INCREMENT for table `student_bkp`
--
ALTER TABLE `student_bkp`
  MODIFY `student_id` int(11) NOT NULL AUTO_INCREMENT;
--
-- AUTO_INCREMENT for table `student_documents`
--
ALTER TABLE `student_documents`
  MODIFY `id_student_document` int(11) NOT NULL AUTO_INCREMENT, AUTO_INCREMENT=4;
--
-- AUTO_INCREMENT for table `student_fee`
--
ALTER TABLE `student_fee`
  MODIFY `id_student_fee` int(11) NOT NULL AUTO_INCREMENT, AUTO_INCREMENT=2;
--
-- AUTO_INCREMENT for table `student_parent`
--
ALTER TABLE `student_parent`
  MODIFY `id_parent` int(11) NOT NULL AUTO_INCREMENT, AUTO_INCREMENT=6;
--
-- AUTO_INCREMENT for table `student_parent_assoc`
--
ALTER TABLE `student_parent_assoc`
  MODIFY `id_student_parent` int(11) NOT NULL AUTO_INCREMENT, AUTO_INCREMENT=9;
--
-- AUTO_INCREMENT for table `student_previous_info`
--
ALTER TABLE `student_previous_info`
  MODIFY `id_student_previous_info` int(11) NOT NULL AUTO_INCREMENT, AUTO_INCREMENT=4;
--
-- AUTO_INCREMENT for table `student_route`
--
ALTER TABLE `student_route`
  MODIFY `student_route_id` int(11) NOT NULL AUTO_INCREMENT;
--
-- AUTO_INCREMENT for table `subject`
--
ALTER TABLE `subject`
  MODIFY `id_subject` int(11) NOT NULL AUTO_INCREMENT, AUTO_INCREMENT=193;
--
-- AUTO_INCREMENT for table `teacher_number`
--
ALTER TABLE `teacher_number`
  MODIFY `id_teacher_number` int(11) NOT NULL AUTO_INCREMENT, AUTO_INCREMENT=2;
--
-- AUTO_INCREMENT for table `time_table`
--
ALTER TABLE `time_table`
  MODIFY `id_time_table` int(11) NOT NULL AUTO_INCREMENT, AUTO_INCREMENT=67;
--
-- AUTO_INCREMENT for table `user`
--
ALTER TABLE `user`
  MODIFY `id_user` int(11) NOT NULL AUTO_INCREMENT, AUTO_INCREMENT=27;
--
-- AUTO_INCREMENT for table `user_type`
--
ALTER TABLE `user_type`
  MODIFY `id_user_type` int(11) NOT NULL AUTO_INCREMENT, AUTO_INCREMENT=5;
--
-- AUTO_INCREMENT for table `vehicle`
--
ALTER TABLE `vehicle`
  MODIFY `vehicle_id` int(11) NOT NULL AUTO_INCREMENT;
--
-- AUTO_INCREMENT for table `week_day`
--
ALTER TABLE `week_day`
  MODIFY `id_week_day` int(11) NOT NULL AUTO_INCREMENT, AUTO_INCREMENT=9;
--
-- Constraints for dumped tables
--

--
-- Constraints for table `user`
--
ALTER TABLE `user`
  ADD CONSTRAINT `user_ibfk_1` FOREIGN KEY (`user_type_id`) REFERENCES `user_type` (`id_user_type`);

/*!40101 SET CHARACTER_SET_CLIENT=@OLD_CHARACTER_SET_CLIENT */;
/*!40101 SET CHARACTER_SET_RESULTS=@OLD_CHARACTER_SET_RESULTS */;
/*!40101 SET COLLATION_CONNECTION=@OLD_COLLATION_CONNECTION */;
